Workbook

Sheet Meeting index
A2: Starfish and Vulcan API review
A4: Source rows | B4: 60 | D4: Tracked findings | E4: =COUNTA('API tracker'!A8:A85) -> 78
A6: Documentation Only | B6: =COUNTIF('API tracker'!K8:K85,"Documentation Only") -> 2 | D6: Firmware scope | F6: F-013: reviewer confirms a need; exact fields and release remain open.
A7: Schema Update | B7: =COUNTIF('API tracker'!K8:K85,"Schema Update") -> 21
A8: Firmware Change | B8: =COUNTIF('API tracker'!K8:K85,"Firmware Change") -> 1 | D8: Missing feedback | F8: Endpoint row 32 and field row 16 truncated. Kamali field rows 17–28 absent.
A9: Developer Clarification | B9: =COUNTIF('API tracker'!K8:K85,"Developer Clarification") -> 35
A10: No Change Required | B10: =COUNTIF('API tracker'!K8:K85,"No Change Required") -> 19 | D10: Review evidence | F10: Pinned repository snapshot and reviewer comments; no reader testing.
A12: Issue ID | B12: API Endpoint | C12: Method | D12: Change Type | E12: Status | F12: Finding | G12: Tracker row | H12: Walkthrough
A13: E-001 | B13: /cloud/ble-config | C13: GET | D13: ='API tracker'!K8 -> Documentation Only | E13: ='API tracker'!O8 -> Open | F13: BLE path spelling in the review | G13: =HYPERLINK("#'API tracker'!A8","Record decision") -> Record decision | H13: =HYPERLINK("Firmware_Change_Review.md#e-001","Open E-001") -> Open E-001
A14: E-002 | B14: /cloud/ble-config | C14: PUT | D14: ='API tracker'!K9 -> Documentation Only | E14: ='API tracker'!O9 -> Open | F14: BLE path spelling in the review | G14: =HYPERLINK("#'API tracker'!A9","Record decision") -> Record decision | H14: =HYPERLINK("Firmware_Change_Review.md#e-002","Open E-002") -> Open E-002
A15: E-003 | B15: /cloud/caCertificates | C15: GET | D15: ='API tracker'!K10 -> Developer Clarification | E15: ='API tracker'!O10 -> Open | F15: CA-certificate REST mapping and path contract | G15: =HYPERLINK("#'API tracker'!A10","Record decision") -> Record decision | H15: =HYPERLINK("Firmware_Change_Review.md#e-003","Open E-003") -> Open E-003
A16: E-004 | B16: /cloud/caCertificates/{caname} | C16: DELETE | D16: ='API tracker'!K11 -> Developer Clarification | E16: ='API tracker'!O11 -> Open | F16: CA-certificate REST mapping and path contract | G16: =HYPERLINK("#'API tracker'!A11","Record decision") -> Record decision | H16: =HYPERLINK("Firmware_Change_Review.md#e-004","Open E-004") -> Open E-004
A17: E-005 | B17: /cloud/caCertificates/{caname} | C17: PUT | D17: ='API tracker'!K12 -> Developer Clarification | E17: ='API tracker'!O12 -> Open | F17: CA-certificate REST mapping and path contract | G17: =HYPERLINK("#'API tracker'!A12","Record decision") -> Record decision | H17: =HYPERLINK("Firmware_Change_Review.md#e-005","Open E-005") -> Open E-005
A18: E-006 | B18: /cloud/eSimConfig | C18: GET | D18: ='API tracker'!K13 -> Developer Clarification | E18: ='API tracker'!O13 -> Open | F18: eSIM model applicability | G18: =HYPERLINK("#'API tracker'!A13","Record decision") -> Record decision | H18: =HYPERLINK("Firmware_Change_Review.md#e-006","Open E-006") -> Open E-006
A19: E-007 | B19: /cloud/eSimConfig | C19: PUT | D19: ='API tracker'!K14 -> Developer Clarification | E19: ='API tracker'!O14 -> Open | F19: eSIM model applicability | G19: =HYPERLINK("#'API tracker'!A14","Record decision") -> Record decision | H19: =HYPERLINK("Firmware_Change_Review.md#e-007","Open E-007") -> Open E-007
A20: E-008 | B20: /cloud/impinjGen2X | C20: GET | D20: ='API tracker'!K15 -> Developer Clarification | E20: ='API tracker'!O15 -> Open | F20: Dedicated Gen2X endpoint support | G20: =HYPERLINK("#'API tracker'!A15","Record decision") -> Record decision | H20: =HYPERLINK("Firmware_Change_Review.md#e-008","Open E-008") -> Open E-008
A21: E-009 | B21: /cloud/impinjGen2X | C21: PUT | D21: ='API tracker'!K16 -> Developer Clarification | E21: ='API tracker'!O16 -> Open | F21: Dedicated Gen2X endpoint support | G21: =HYPERLINK("#'API tracker'!A16","Record decision") -> Record decision | H21: =HYPERLINK("Firmware_Change_Review.md#e-009","Open E-009") -> Open E-009
A22: E-010 | B22: /cloud/localRestLogin | C22: GET | D22: ='API tracker'!K17 -> Schema Update | E22: ='API tracker'!O17 -> Open | F22: Missing Starfish login operation | G22: =HYPERLINK("#'API tracker'!A17","Record decision") -> Record decision | H22: =HYPERLINK("Firmware_Change_Review.md#e-010","Open E-010") -> Open E-010
A23: E-011 | B23: /cloud/logs/RcLog | C23: GET | D23: ='API tracker'!K18 -> No Change Required | E23: ='API tracker'!O18 -> Resolved | F23: Concrete log URL is already represented | G23: =HYPERLINK("#'API tracker'!A18","Record decision") -> Record decision | H23: =HYPERLINK("Firmware_Change_Review.md#e-011","Open E-011") -> Open E-011
A24: E-012 | B24: /cloud/logs/RgErrorLog | C24: GET | D24: ='API tracker'!K19 -> No Change Required | E24: ='API tracker'!O19 -> Resolved | F24: Concrete log URL is already represented | G24: =HYPERLINK("#'API tracker'!A19","Record decision") -> Record decision | H24: =HYPERLINK("Firmware_Change_Review.md#e-012","Open E-012") -> Open E-012
A25: E-013 | B25: /cloud/logs/RgWarningLog | C25: GET | D25: ='API tracker'!K20 -> No Change Required | E25: ='API tracker'!O20 -> Resolved | F25: Concrete log URL is already represented | G25: =HYPERLINK("#'API tracker'!A20","Record decision") -> Record decision | H25: =HYPERLINK("Firmware_Change_Review.md#e-013","Open E-013") -> Open E-013
A26: E-014 | B26: /cloud/logs/radioPacketLog | C26: DELETE | D26: ='API tracker'!K21 -> No Change Required | E26: ='API tracker'!O21 -> Resolved | F26: Concrete log URL is already represented | G26: =HYPERLINK("#'API tracker'!A21","Record decision") -> Record decision | H26: =HYPERLINK("Firmware_Change_Review.md#e-014","Open E-014") -> Open E-014
A27: E-015 | B27: /cloud/logs/radioPacketLog | C27: GET | D27: ='API tracker'!K22 -> No Change Required | E27: ='API tracker'!O22 -> Resolved | F27: Concrete log URL is already represented | G27: =HYPERLINK("#'API tracker'!A22","Record decision") -> Record decision | H27: =HYPERLINK("Firmware_Change_Review.md#e-015","Open E-015") -> Open E-015
A28: E-016 | B28: /cloud/logs/syslog | C28: DELETE | D28: ='API tracker'!K23 -> No Change Required | E28: ='API tracker'!O23 -> Resolved | F28: Concrete log URL is already represented | G28: =HYPERLINK("#'API tracker'!A23","Record decision") -> Record decision | H28: =HYPERLINK("Firmware_Change_Review.md#e-016","Open E-016") -> Open E-016
A29: E-017 | B29: /cloud/logs/syslog | C29: GET | D29: ='API tracker'!K24 -> No Change Required | E29: ='API tracker'!O24 -> Resolved | F29: Concrete log URL is already represented | G29: =HYPERLINK("#'API tracker'!A24","Record decision") -> Record decision | H29: =HYPERLINK("Firmware_Change_Review.md#e-017","Open E-017") -> Open E-017
A30: E-018 | B30: /cloud/networkInterfaces | C30: GET | D30: ='API tracker'!K25 -> No Change Required | E30: ='API tracker'!O25 -> Resolved | F30: Intentional platform scope | G30: =HYPERLINK("#'API tracker'!A25","Record decision") -> Record decision | H30: =HYPERLINK("Firmware_Change_Review.md#e-018","Open E-018") -> Open E-018
A31: E-019 | B31: /cloud/pass-through | C31: PUT | D31: ='API tracker'!K26 -> Schema Update | E31: ='API tracker'!O26 -> Open | F31: Missing Starfish component pass-through documentation | G31: =HYPERLINK("#'API tracker'!A26","Record decision") -> Record decision | H31: =HYPERLINK("Firmware_Change_Review.md#e-019","Open E-019") -> Open E-019
A32: E-020 | B32: /cloud/preSelection | C32: GET | D32: ='API tracker'!K27 -> No Change Required | E32: ='API tracker'!O27 -> Resolved | F32: Intentional platform scope | G32: =HYPERLINK("#'API tracker'!A27","Record decision") -> Record decision | H32: =HYPERLINK("Firmware_Change_Review.md#e-020","Open E-020") -> Open E-020
A33: E-021 | B33: /cloud/preSelection | C33: PUT | D33: ='API tracker'!K28 -> No Change Required | E33: ='API tracker'!O28 -> Resolved | F33: Intentional platform scope | G33: =HYPERLINK("#'API tracker'!A28","Record decision") -> Record decision | H33: =HYPERLINK("Firmware_Change_Review.md#e-021","Open E-021") -> Open E-021
A34: E-022 | B34: /cloud/readPoints | C34: GET | D34: ='API tracker'!K29 -> Developer Clarification | E34: ='API tracker'!O29 -> Open | F34: Internal read-points support versus public REST | G34: =HYPERLINK("#'API tracker'!A29","Record decision") -> Record decision | H34: =HYPERLINK("Firmware_Change_Review.md#e-022","Open E-022") -> Open E-022
A35: E-023 | B35: /cloud/readerLocation | C35: GET | D35: ='API tracker'!K30 -> No Change Required | E35: ='API tracker'!O30 -> Resolved | F35: Intentional platform scope | G35: =HYPERLINK("#'API tracker'!A30","Record decision") -> Record decision | H35: =HYPERLINK("Firmware_Change_Review.md#e-023","Open E-023") -> Open E-023
A36: E-024 | B36: /cloud/region | C36: PUT | D36: ='API tracker'!K31 -> Developer Clarification | E36: ='API tracker'!O31 -> Open | F36: Region setter release status | G36: =HYPERLINK("#'API tracker'!A31","Record decision") -> Record decision | H36: =HYPERLINK("Firmware_Change_Review.md#e-024","Open E-024") -> Open E-024
A37: E-025 | B37: /cloud/stack-led | C37: GET | D37: ='API tracker'!K32 -> No Change Required | E37: ='API tracker'!O32 -> Resolved | F37: Stack LED scope already narrowed | G37: =HYPERLINK("#'API tracker'!A32","Record decision") -> Record decision | H37: =HYPERLINK("Firmware_Change_Review.md#e-025","Open E-025") -> Open E-025
A38: E-026 | B38: /cloud/stack-led | C38: PUT | D38: ='API tracker'!K33 -> No Change Required | E38: ='API tracker'!O33 -> Resolved | F38: Stack LED scope already narrowed | G38: =HYPERLINK("#'API tracker'!A33","Record decision") -> Record decision | H38: =HYPERLINK("Firmware_Change_Review.md#e-026","Open E-026") -> Open E-026
A39: E-027 | B39: /cloud/updatePassword | C39: PUT | D39: ='API tracker'!K34 -> No Change Required | E39: ='API tracker'!O34 -> Resolved | F39: Intentional platform scope | G39: =HYPERLINK("#'API tracker'!A34","Record decision") -> Record decision | H39: =HYPERLINK("Firmware_Change_Review.md#e-027","Open E-027") -> Open E-027
A40: E-028 | B40: /cloud/wifiNetworks | C40: GET | D40: ='API tracker'!K35 -> No Change Required | E40: ='API tracker'!O35 -> Resolved | F40: Intentional platform scope | G40: =HYPERLINK("#'API tracker'!A35","Record decision") -> Record decision | H40: =HYPERLINK("Firmware_Change_Review.md#e-028","Open E-028") -> Open E-028
A41: E-029 | B41: /cloud/logs/{logType} | C41: DELETE | D41: ='API tracker'!K36 -> Developer Clarification | E41: ='API tracker'!O36 -> Open | F41: Log DELETE route and supported log types | G41: =HYPERLINK("#'API tracker'!A36","Record decision") -> Record decision | H41: =HYPERLINK("Firmware_Change_Review.md#e-029","Open E-029") -> Open E-029
A42: E-030 | B42: /cloud/logs/{logType} | C42: GET | D42: ='API tracker'!K37 -> Developer Clarification | E42: ='API tracker'!O37 -> Open | F42: Log retrieval response format and route mapping | G42: =HYPERLINK("#'API tracker'!A37","Record decision") -> Record decision | H42: =HYPERLINK("Firmware_Change_Review.md#e-030","Open E-030") -> Open E-030
A43: E-031 | B43: /cloud/nameAndDescription | C43: GET | D43: ='API tracker'!K38 -> No Change Required | E43: ='API tracker'!O38 -> Resolved | F43: Intentional platform scope | G43: =HYPERLINK("#'API tracker'!A38","Record decision") -> Record decision | H43: =HYPERLINK("Firmware_Change_Review.md#e-031","Open E-031") -> Open E-031
A44: E-032 | B44: /cloud/nameAndDescription | C44: PUT | D44: ='API tracker'!K39 -> Developer Clarification | E44: ='API tracker'!O39 -> Open | F44: Truncated PUT name-and-description feedback | G44: =HYPERLINK("#'API tracker'!A39","Record decision") -> Record decision | H44: =HYPERLINK("Firmware_Change_Review.md#e-032","Open E-032") -> Open E-032
A45: F-001 | B45: /cloud/app-led | C45: GET | D45: ='API tracker'!K40 -> Schema Update | E45: ='API tracker'!O40 -> Open | F45: LED response wrapper | G45: =HYPERLINK("#'API tracker'!A40","Record decision") -> Record decision | H45: =HYPERLINK("Firmware_Change_Review.md#f-001","Open F-001") -> Open F-001
A46: F-002 | B46: /cloud/app-led | C46: PUT | D46: ='API tracker'!K41 -> Schema Update | E46: ='API tracker'!O41 -> Open | F46: LED request field location | G46: =HYPERLINK("#'API tracker'!A41","Record decision") -> Record decision | H46: =HYPERLINK("Firmware_Change_Review.md#f-002","Open F-002") -> Open F-002
A47: F-002A | B47: /cloud/app-led | C47: PUT | D47: ='API tracker'!K42 -> Developer Clarification | E47: ='API tracker'!O42 -> Open | F47: LED query compatibility requirement | G47: =HYPERLINK("#'API tracker'!A42","Record decision") -> Record decision | H47: =HYPERLINK("Firmware_Change_Review.md#f-002a","Open F-002A") -> Open F-002A
A48: F-003 | B48: /cloud/apps/{appname}/autostart | C48: PUT | D48: ='API tracker'!K43 -> Schema Update | E48: ='API tracker'!O43 -> Open | F48: Redundant REST appname body | G48: =HYPERLINK("#'API tracker'!A43","Record decision") -> Record decision | H48: =HYPERLINK("Firmware_Change_Review.md#f-003","Open F-003") -> Open F-003
A49: F-004 | B49: /cloud/apps/{appname}/start | C49: PUT | D49: ='API tracker'!K44 -> Schema Update | E49: ='API tracker'!O44 -> Open | F49: Redundant REST appname body | G49: =HYPERLINK("#'API tracker'!A44","Record decision") -> Record decision | H49: =HYPERLINK("Firmware_Change_Review.md#f-004","Open F-004") -> Open F-004
A50: F-005 | B50: /cloud/apps/{appname}/stop | C50: PUT | D50: ='API tracker'!K45 -> Schema Update | E50: ='API tracker'!O45 -> Open | F50: Redundant REST appname body | G50: =HYPERLINK("#'API tracker'!A45","Record decision") -> Record decision | H50: =HYPERLINK("Firmware_Change_Review.md#f-005","Open F-005") -> Open F-005
A51: F-006 | B51: /cloud/apps/{appname}/uninstall | C51: PUT | D51: ='API tracker'!K46 -> Schema Update | E51: ='API tracker'!O46 -> Open | F51: Redundant REST appname body | G51: =HYPERLINK("#'API tracker'!A46","Record decision") -> Record decision | H51: =HYPERLINK("Firmware_Change_Review.md#f-006","Open F-006") -> Open F-006
A52: F-007 | B52: /cloud/certificates | C52: GET | D52: ='API tracker'!K47 -> Schema Update | E52: ='API tracker'!O47 -> Open | F52: Certificate-list array wrapper | G52: =HYPERLINK("#'API tracker'!A47","Record decision") -> Record decision | H52: =HYPERLINK("Firmware_Change_Review.md#f-007","Open F-007") -> Open F-007
A53: F-008 | B53: /cloud/certificates/{certname} | C53: DELETE | D53: ='API tracker'!K48 -> No Change Required | E53: ='API tracker'!O48 -> Resolved | F53: Certificate type location already corrected | G53: =HYPERLINK("#'API tracker'!A48","Record decision") -> Record decision | H53: =HYPERLINK("Firmware_Change_Review.md#f-008","Open F-008") -> Open F-008
A54: F-008A | B54: /cloud/certificates/{certname} | C54: DELETE | D54: ='API tracker'!K49 -> Developer Clarification | E54: ='API tracker'!O49 -> Open | F54: Starfish certificate-name body compatibility | G54: =HYPERLINK("#'API tracker'!A49","Record decision") -> Record decision | H54: =HYPERLINK("Firmware_Change_Review.md#f-008a","Open F-008A") -> Open F-008A
A55: F-009 | B55: /cloud/network | C55: PUT | D55: ='API tracker'!K50 -> Schema Update | E55: ='API tracker'!O50 -> Open | F55: Starfish network schema advertises unreleased nesting | G55: =HYPERLINK("#'API tracker'!A50","Record decision") -> Record decision | H55: =HYPERLINK("Firmware_Change_Review.md#f-009","Open F-009") -> Open F-009
A56: F-009A | B56: /cloud/network | C56: PUT | D56: ='API tracker'!K51 -> Developer Clarification | E56: ='API tracker'!O51 -> Open | F56: Network wire-key spelling | G56: =HYPERLINK("#'API tracker'!A51","Record decision") -> Record decision | H56: =HYPERLINK("Firmware_Change_Review.md#f-009a","Open F-009A") -> Open F-009A
A57: F-009B | B57: /cloud/network | C57: PUT | D57: ='API tracker'!K52 -> Developer Clarification | E57: ='API tracker'!O52 -> Open | F57: Future Starfish interface setters | G57: =HYPERLINK("#'API tracker'!A52","Record decision") -> Record decision | H57: =HYPERLINK("Firmware_Change_Review.md#f-009b","Open F-009B") -> Open F-009B
A58: F-010 | B58: /cloud/stop | C58: PUT | D58: ='API tracker'!K53 -> No Change Required | E58: ='API tracker'!O53 -> Resolved | F58: Intentional stop payload difference | G58: =HYPERLINK("#'API tracker'!A53","Record decision") -> Record decision | H58: =HYPERLINK("Firmware_Change_Review.md#f-010","Open F-010") -> Open F-010
A59: F-011 | B59: /cloud/apps/install | C59: PUT | D59: ='API tracker'!K54 -> Developer Clarification | E59: ='API tracker'!O54 -> Open | F59: Application-download retry release | G59: =HYPERLINK("#'API tracker'!A54","Record decision") -> Record decision | H59: =HYPERLINK("Firmware_Change_Review.md#f-011","Open F-011") -> Open F-011
A60: F-012 | B60: /cloud/apps/{appname}/pass-through | C60: PUT | D60: ='API tracker'!K55 -> Schema Update | E60: ='API tracker'!O55 -> Open | F60: Vulcan command supports string or object | G60: =HYPERLINK("#'API tracker'!A55","Record decision") -> Record decision | H60: =HYPERLINK("Firmware_Change_Review.md#f-012","Open F-012") -> Open F-012
A61: F-012A | B61: /cloud/apps/{appname}/pass-through | C61: PUT | D61: ='API tracker'!K56 -> Developer Clarification | E61: ='API tracker'!O56 -> Open | F61: Starfish pass-through parity decision | G61: =HYPERLINK("#'API tracker'!A56","Record decision") -> Record decision | H61: =HYPERLINK("Firmware_Change_Review.md#f-012a","Open F-012A") -> Open F-012A
A62: F-013 | B62: /cloud/cloudConfig | C62: PUT | D62: ='API tracker'!K57 -> Firmware Change | E62: ='API tracker'!O57 -> Open | F62: Starfish firmware parity statement needs a field list | G62: =HYPERLINK("#'API tracker'!A57","Record decision") -> Record decision | H62: =HYPERLINK("Firmware_Change_Review.md#f-013","Open F-013") -> Open F-013
A63: F-013A | B63: /cloud/cloudConfig | C63: PUT | D63: ='API tracker'!K58 -> Schema Update | E63: ='API tracker'!O58 -> Open | F63: Remove unsupported enableLocalRest from Vulcan schema | G63: =HYPERLINK("#'API tracker'!A58","Record decision") -> Record decision | H63: =HYPERLINK("Firmware_Change_Review.md#f-013a","Open F-013A") -> Open F-013A
A64: F-013B | B64: /cloud/cloudConfig | C64: PUT | D64: ='API tracker'!K59 -> Schema Update | E64: ='API tracker'!O59 -> Open | F64: Missing supported connection option fields | G64: =HYPERLINK("#'API tracker'!A59","Record decision") -> Record decision | H64: =HYPERLINK("Firmware_Change_Review.md#f-013b","Open F-013B") -> Open F-013B
A65: F-014 | B65: /cloud/config | C65: GET | D65: ='API tracker'!K60 -> No Change Required | E65: ='API tracker'!O60 -> Resolved | F65: Config xml field is already present | G65: =HYPERLINK("#'API tracker'!A60","Record decision") -> Record decision | H65: =HYPERLINK("Firmware_Change_Review.md#f-014","Open F-014") -> Open F-014
A66: F-014A | B66: /cloud/config | C66: GET | D66: ='API tracker'!K61 -> Schema Update | E66: ='API tracker'!O61 -> Open | F66: GPIO debounce missing from Vulcan config | G66: =HYPERLINK("#'API tracker'!A61","Record decision") -> Record decision | H66: =HYPERLINK("Firmware_Change_Review.md#f-014a","Open F-014A") -> Open F-014A
A67: F-014B | B67: /cloud/config | C67: GET | D67: ='API tracker'!K62 -> Schema Update | E67: ='API tracker'!O62 -> Open | F67: Config response enableLocalRest | G67: =HYPERLINK("#'API tracker'!A62","Record decision") -> Record decision | H67: =HYPERLINK("Firmware_Change_Review.md#f-014b","Open F-014B") -> Open F-014B
A68: F-014C | B68: /cloud/config | C68: GET | D68: ='API tracker'!K63 -> Schema Update | E68: ='API tracker'!O63 -> Open | F68: Config response connection options | G68: =HYPERLINK("#'API tracker'!A63","Record decision") -> Record decision | H68: =HYPERLINK("Firmware_Change_Review.md#f-014c","Open F-014C") -> Open F-014C
A69: F-015 | B69: /cloud/config | C69: PUT | D69: ='API tracker'!K64 -> Developer Clarification | E69: ='API tracker'!O64 -> Open | F69: Config request xml and claimed GPI 3/4 events | G69: =HYPERLINK("#'API tracker'!A64","Record decision") -> Record decision | H69: =HYPERLINK("Firmware_Change_Review.md#f-015","Open F-015") -> Open F-015
A70: F-015A | B70: /cloud/config | C70: PUT | D70: ='API tracker'!K65 -> Schema Update | E70: ='API tracker'!O65 -> Open | F70: GPIO debounce missing from Vulcan config | G70: =HYPERLINK("#'API tracker'!A65","Record decision") -> Record decision | H70: =HYPERLINK("Firmware_Change_Review.md#f-015a","Open F-015A") -> Open F-015A
A71: F-015B | B71: /cloud/config | C71: PUT | D71: ='API tracker'!K66 -> Schema Update | E71: ='API tracker'!O66 -> Open | F71: Config request connection options | G71: =HYPERLINK("#'API tracker'!A66","Record decision") -> Record decision | H71: =HYPERLINK("Firmware_Change_Review.md#f-015b","Open F-015B") -> Open F-015B
A72: F-016 | B72: /cloud/gpi | C72: GET | D72: ='API tracker'!K67 -> Schema Update | E72: ='API tracker'!O67 -> Open | F72: Missing fourth Starfish GPI field | G72: =HYPERLINK("#'API tracker'!A67","Record decision") -> Record decision | H72: =HYPERLINK("Firmware_Change_Review.md#f-016","Open F-016") -> Open F-016
A73: F-017 | B73: /cloud/mode | C73: GET | D73: ='API tracker'!K68 -> Developer Clarification | E73: ='API tracker'!O68 -> Open | F73: Mode model applicability and inventory protocol | G73: =HYPERLINK("#'API tracker'!A68","Record decision") -> Record decision | H73: =HYPERLINK("Firmware_Change_Review.md#f-017","Open F-017") -> Open F-017
A74: F-017A | B74: /cloud/mode | C74: GET | D74: ='API tracker'!K69 -> Developer Clarification | E74: ='API tracker'!O69 -> Open | F74: Mode tag metadata names and representation | G74: =HYPERLINK("#'API tracker'!A69","Record decision") -> Record decision | H74: =HYPERLINK("Firmware_Change_Review.md#f-017a","Open F-017A") -> Open F-017A
A75: F-018 | B75: /cloud/mode | C75: PUT | D75: ='API tracker'!K70 -> Developer Clarification | E75: ='API tracker'!O70 -> Open | F75: Mode model applicability and inventory protocol | G75: =HYPERLINK("#'API tracker'!A70","Record decision") -> Record decision | H75: =HYPERLINK("Firmware_Change_Review.md#f-018","Open F-018") -> Open F-018
A76: F-018A | B76: /cloud/mode | C76: PUT | D76: ='API tracker'!K71 -> Developer Clarification | E76: ='API tracker'!O71 -> Open | F76: Mode tag metadata names and representation | G76: =HYPERLINK("#'API tracker'!A71","Record decision") -> Record decision | H76: =HYPERLINK("Firmware_Change_Review.md#f-018a","Open F-018A") -> Open F-018A
A77: F-019 | B77: /cloud/network | C77: GET | D77: ='API tracker'!K72 -> Developer Clarification | E77: ='API tracker'!O72 -> Open | F77: Network GET body exists on both | G77: =HYPERLINK("#'API tracker'!A72","Record decision") -> Record decision | H77: =HYPERLINK("Firmware_Change_Review.md#f-019","Open F-019") -> Open F-019
A78: F-020 | B78: /cloud/network | C78: PUT | D78: ='API tracker'!K73 -> Developer Clarification | E78: ='API tracker'!O73 -> Open | F78: Network response comment has the wrong method | G78: =HYPERLINK("#'API tracker'!A73","Record decision") -> Record decision | H78: =HYPERLINK("Firmware_Change_Review.md#f-020","Open F-020") -> Open F-020
A79: F-020A | B79: /cloud/network | C79: PUT | D79: ='API tracker'!K74 -> Developer Clarification | E79: ='API tracker'!O74 -> Open | F79: Network GET response variants and model scope | G79: =HYPERLINK("#'API tracker'!A74","Record decision") -> Record decision | H79: =HYPERLINK("Firmware_Change_Review.md#f-020a","Open F-020A") -> Open F-020A
A80: F-021 | B80: /cloud/ntpServer | C80: PUT | D80: ='API tracker'!K75 -> Developer Clarification | E80: ='API tracker'!O75 -> Open | F80: NTP server aliases and second server | G80: =HYPERLINK("#'API tracker'!A75","Record decision") -> Record decision | H80: =HYPERLINK("Firmware_Change_Review.md#f-021","Open F-021") -> Open F-021
A81: F-022 | B81: /cloud/os | C81: PUT | D81: ='API tracker'!K76 -> Developer Clarification | E81: ='API tracker'!O76 -> Open | F81: OS download retry and timeout support | G81: =HYPERLINK("#'API tracker'!A76","Record decision") -> Record decision | H81: =HYPERLINK("Firmware_Change_Review.md#f-022","Open F-022") -> Open F-022
A82: F-022A | B82: /cloud/os | C82: PUT | D82: ='API tracker'!K77 -> Developer Clarification | E82: ='API tracker'!O77 -> Open | F82: OS authentication keys and transport differences | G82: =HYPERLINK("#'API tracker'!A77","Record decision") -> Record decision | H82: =HYPERLINK("Firmware_Change_Review.md#f-022a","Open F-022A") -> Open F-022A
A83: F-023 | B83: /cloud/readerCapabilities | C83: GET | D83: ='API tracker'!K78 -> Developer Clarification | E83: ='API tracker'!O78 -> Open | F83: Capabilities response wire shapes and case | G83: =HYPERLINK("#'API tracker'!A78","Record decision") -> Record decision | H83: =HYPERLINK("Firmware_Change_Review.md#f-023","Open F-023") -> Open F-023
A84: F-023A | B84: /cloud/readerCapabilities | C84: GET | D84: ='API tracker'!K79 -> Developer Clarification | E84: ='API tracker'!O79 -> Open | F84: Capabilities are model-dependent | G84: =HYPERLINK("#'API tracker'!A79","Record decision") -> Record decision | H84: =HYPERLINK("Firmware_Change_Review.md#f-023a","Open F-023A") -> Open F-023A
A85: F-024 | B85: /cloud/region | C85: GET | D85: ='API tracker'!K80 -> Developer Clarification | E85: ='API tracker'!O80 -> Open | F85: Region response fields and numeric types | G85: =HYPERLINK("#'API tracker'!A80","Record decision") -> Record decision | H85: =HYPERLINK("Firmware_Change_Review.md#f-024","Open F-024") -> Open F-024
A86: F-025 | B86: /cloud/start | C86: PUT | D86: ='API tracker'!K81 -> Schema Update | E86: ='API tracker'!O81 -> Open | F86: Starfish start Gen2X flag missing | G86: =HYPERLINK("#'API tracker'!A81","Record decision") -> Record decision | H86: =HYPERLINK("Firmware_Change_Review.md#f-025","Open F-025") -> Open F-025
A87: F-026 | B87: /cloud/status | C87: GET | D87: ='API tracker'!K82 -> Schema Update | E87: ='API tracker'!O82 -> Open | F87: Starfish Gen2X status missing | G87: =HYPERLINK("#'API tracker'!A82","Record decision") -> Record decision | H87: =HYPERLINK("Firmware_Change_Review.md#f-026","Open F-026") -> Open F-026
A88: F-026A | B88: /cloud/status | C88: GET | D88: ='API tracker'!K83 -> Developer Clarification | E88: ='API tracker'!O83 -> Open | F88: Status spelling, NTP and upgrade variants | G88: =HYPERLINK("#'API tracker'!A83","Record decision") -> Record decision | H88: =HYPERLINK("Firmware_Change_Review.md#f-026a","Open F-026A") -> Open F-026A
A89: F-027 | B89: /cloud/supportedStandardList | C89: GET | D89: ='API tracker'!K84 -> Developer Clarification | E89: ='API tracker'!O84 -> Open | F89: Supported standards region location and enum | G89: =HYPERLINK("#'API tracker'!A84","Record decision") -> Record decision | H89: =HYPERLINK("Firmware_Change_Review.md#f-027","Open F-027") -> Open F-027
A90: F-028 | B90: /cloud/supportedStandardList | C90: GET | D90: ='API tracker'!K85 -> Developer Clarification | E90: ='API tracker'!O85 -> Open | F90: Standards response case and boolean representation | G90: =HYPERLINK("#'API tracker'!A85","Record decision") -> Record decision | H90: =HYPERLINK("Firmware_Change_Review.md#f-028","Open F-028") -> Open F-028

Sheet API tracker
A2: API review tracker
A4: Amber cells: record developer decisions, then update Change Type and Status. Keep source feedback unchanged.
A5: Scope: 60 source rows. No live reader tests supplied. Firmware confirmation for F-013 is endpoint-level only; exact code changes remain open.
A7: Issue ID | B7: Original Comment | C7: API Endpoint | D7: HTTP Method | E7: Platform | F7: Schema Path | G7: Starfish Behavior | H7: Vulcan Behavior | I7: Identified Difference | J7: Expected Behavior | K7: Change Type | L7: Required Action | M7: Developer Question | N7: Developer Confirmation | O7: Status | P7: Source Reference | Q7: Developer Walkthrough | R7: Finding | S7: Evidence / Limitations
A8: E-001 | B8: Starfish: Firmware confirms FX9600 does not support it. Kamali: supported only in fxr90/60 | C8: /cloud/ble-config | D8: GET | E8: Vulcan | F8: Starfish: Operation absent -> #/paths/~1cloud~1ble-config/get Vulcan: $["ble"] -> #/components/schemas/GetBleConfigResponse/properties/ble Vulcan: $["ble"]["enable"] -> #/components/schemas/GetBleConfigResponse/properties/ble/properties/enable Vulcan: $["ble"]["scanIntervalSec"] -> #/components/schemas/GetBleConfigResponse/properties/ble/properties/scanIntervalSec | G8: No operation in supplied schema; implementation is not established by that absence. | H8: Documented GET /cloud/bleConfig. Get BLE configuration. Parameters: none declared. Request: none declared. Success: 200 [application/json]: type="object". | I8: Workbook uses /cloud/ble-config; the current Vulcan schema and narrative use /cloud/bleConfig. Both reviewers exclude FX9600. | J8: Use the documented /cloud/bleConfig spelling and retain FXR60/FXR90 applicability. | K8: Documentation Only | L8: Correct the endpoint label in the consolidated review and cross-references; do not create an alias endpoint. | M8: No behavior decision is needed for the spelling correction. If /cloud/ble-config is intended as a supported alias, provide an actual request result and firmware version. | N8: Not yet recorded | O8: Open | P8: Endpoint review, source 1, Excel row 7 | Q8: =HYPERLINK("Firmware_Change_Review.md#e-001","Open E-001") -> Open E-001 | R8: BLE path spelling in the review | S8: Both reviewers confirm FXR-only support; Vulcan operation description and path agree on /cloud/bleConfig. Source limitation: Path spelling retained from source; verify against the approved schema.
A9: E-002 | B9: Starfish: Firmware confirms FX9600 does not support it. Kamali: supported only in fxr90/60 | C9: /cloud/ble-config | D9: PUT | E9: Vulcan | F9: Starfish: Operation absent -> #/paths/~1cloud~1ble-config/put Vulcan: $["ble"] -> #/components/schemas/SetBleConfigRequest/properties/ble Vulcan: $["ble"]["enable"] -> #/components/schemas/SetBleConfigRequest/properties/ble/properties/enable Vulcan: $["ble"]["scanIntervalSec"] -> #/components/schemas/SetBleConfigRequest/properties/ble/properties/scanIntervalSec | G9: No operation in supplied schema; implementation is not established by that absence. | H9: Documented PUT /cloud/bleConfig. Set BLE configuration. Parameters: none declared. Request: type="object"; required=["ble"]. Success: 200 []: no body schema. | I9: Workbook uses /cloud/ble-config; the current Vulcan schema and narrative use /cloud/bleConfig. Both reviewers exclude FX9600. | J9: Use the documented /cloud/bleConfig spelling and retain FXR60/FXR90 applicability. | K9: Documentation Only | L9: Correct the endpoint label in the consolidated review and cross-references; do not create an alias endpoint. | M9: No behavior decision is needed for the spelling correction. If /cloud/ble-config is intended as a supported alias, provide an actual request result and firmware version. | N9: Not yet recorded | O9: Open | P9: Endpoint review, source 2, Excel row 8 | Q9: =HYPERLINK("Firmware_Change_Review.md#e-002","Open E-002") -> Open E-002 | R9: BLE path spelling in the review | S9: Both reviewers confirm FXR-only support; Vulcan operation description and path agree on /cloud/bleConfig. Source limitation: Path spelling retained from source; verify against the approved schema.
A10: E-003 | B10: Starfish: FX9600 supports this (undocumented) Kamali: not supported in fx9600 (local rest mapping missing ,mqtt available) | C10: /cloud/caCertificates | D10: GET | E10: Both | F10: Starfish: Operation absent -> #/paths/~1cloud~1caCertificates/get Vulcan: $ -> #/components/schemas/caCertificateList.v1 Vulcan: $[*] -> #/components/schemas/caCertificateList.v1/items | G10: No operation in supplied schema; implementation is not established by that absence. | H10: Documented GET /cloud/caCertificates. List installed CA certificates. Parameters: none declared. Request: none declared. Success: 200 [application/json]: type="array". | I10: Starfish says FX9600 supports this REST operation; Kamali says local REST mapping is missing while MQTT exists. Starfish has no operation in this snapshot. | J10: Public REST support and the accepted URL/body must be established separately for each method and firmware release. | K10: Developer Clarification | L10: Obtain a local REST request/response on FX9600. If supported, add its schema. If absent, decide whether REST exposure is an approved firmware requirement. Preserve MQTT scope separately. | M10: On which FX9600 firmware does GET CA-certificate management work over local REST? Is the accepted URL /cloud/caCertificates or /cloud/caCertificates/{caname}, and is the certificate name in JSON name or the path? If no mapping exists, is adding it required? | N10: Not yet recorded | O10: Open | P10: Endpoint review, source 3, Excel row 9 | Q10: =HYPERLINK("Firmware_Change_Review.md#e-003","Open E-003") -> Open E-003 | R10: CA-certificate REST mapping and path contract | S10: Repository schema and original reviewer statements; no live reader test supplied. Source limitation: MQTT availability does not confirm local REST support.
A11: E-004 | B11: Starfish: FX9600 supports this (undocumented) Kamali: not supported in fx9600 (local rest mapping missing ,mqtt available) | C11: /cloud/caCertificates/{caname} | D11: DELETE | E11: Both | F11: Starfish: Operation absent -> #/paths/~1cloud~1caCertificates/delete Vulcan: $ -> #/components/schemas/deleteCACertificate.v1 Vulcan: $["name"] -> #/components/schemas/deleteCACertificate.v1/properties/name | G11: No operation in supplied schema; implementation is not established by that absence. | H11: Documented DELETE /cloud/caCertificates. Delete CA certificate. Parameters: none declared. Request: type="object"; required=["name"]. Success: 200 [application/json]: type="string". | I11: Starfish says FX9600 supports this REST operation; Kamali says local REST mapping is missing while MQTT exists. Starfish has no operation in this snapshot. The workbook path /cloud/caCertificates/{caname} is absent in both files. Vulcan instead uses DELETE /cloud/caCertificates with JSON name; its description says caname is rejected. | J11: Public REST support and the accepted URL/body must be established separately for each method and firmware release. | K11: Developer Clarification | L11: Obtain a local REST request/response on FX9600. If supported, add its schema. If absent, decide whether REST exposure is an approved firmware requirement. Preserve MQTT scope separately. | M11: On which FX9600 firmware does DELETE CA-certificate management work over local REST? Is the accepted URL /cloud/caCertificates or /cloud/caCertificates/{caname}, and is the certificate name in JSON name or the path? If no mapping exists, is adding it required? | N11: Not yet recorded | O11: Open | P11: Endpoint review, source 4, Excel row 10 | Q11: =HYPERLINK("Firmware_Change_Review.md#e-004","Open E-004") -> Open E-004 | R11: CA-certificate REST mapping and path contract | S11: Repository schema and original reviewer statements; no live reader test supplied. Source limitation: MQTT availability does not confirm local REST support.
A12: E-005 | B12: Starfish: FX9600 supports this (undocumented) Kamali: not supported in fx9600 (local rest mapping missing ,mqtt available) | C12: /cloud/caCertificates/{caname} | D12: PUT | E12: Both | F12: Starfish: Operation absent -> #/paths/~1cloud~1caCertificates/put Vulcan: $ -> #/components/schemas/installCACertificate.v1 Vulcan: $["name"] -> #/components/schemas/installCACertificate.v1/properties/name Vulcan: $["content"] -> #/components/schemas/installCACertificate.v1/properties/content | G12: No operation in supplied schema; implementation is not established by that absence. | H12: Documented PUT /cloud/caCertificates. Install CA certificate. Parameters: none declared. Request: type="object"; required=["name","content"]. Success: 200 [application/json]: type="string". | I12: Starfish says FX9600 supports this REST operation; Kamali says local REST mapping is missing while MQTT exists. Starfish has no operation in this snapshot. The workbook path /cloud/caCertificates/{caname} is absent in both files. Vulcan instead uses PUT /cloud/caCertificates with JSON name and content. | J12: Public REST support and the accepted URL/body must be established separately for each method and firmware release. | K12: Developer Clarification | L12: Obtain a local REST request/response on FX9600. If supported, add its schema. If absent, decide whether REST exposure is an approved firmware requirement. Preserve MQTT scope separately. | M12: On which FX9600 firmware does PUT CA-certificate management work over local REST? Is the accepted URL /cloud/caCertificates or /cloud/caCertificates/{caname}, and is the certificate name in JSON name or the path? If no mapping exists, is adding it required? | N12: Not yet recorded | O12: Open | P12: Endpoint review, source 5, Excel row 11 | Q12: =HYPERLINK("Firmware_Change_Review.md#e-005","Open E-005") -> Open E-005 | R12: CA-certificate REST mapping and path contract | S12: Repository schema and original reviewer statements; no live reader test supplied. Source limitation: MQTT availability does not confirm local REST support.
A13: E-006 | B13: Starfish: Firmware confirms FX9600 does not support it. Kamali: supported only in fxr90/60 | C13: /cloud/eSimConfig | D13: GET | E13: Vulcan | F13: Starfish: Operation absent -> #/paths/~1cloud~1eSimConfig/get Vulcan: $["eid"] -> #/components/schemas/GetEsimConfigResponse/properties/eid Vulcan: $["imei"] -> #/components/schemas/GetEsimConfigResponse/properties/imei Vulcan: $["profiles"] -> #/components/schemas/GetEsimConfigResponse/properties/profiles | G13: No operation in supplied schema; implementation is not established by that absence. | H13: Documented GET /cloud/eSimConfig. Gets the eSIM configuration. Parameters: none declared. Request: none declared. Success: 200 [application/json]: type="object". | I13: Both reviewers describe FXR60/FXR90 support, but the current Vulcan narrative explicitly says FXR90 only. Starfish has no eSIM operation. | J13: Keep FX9600 excluded. Establish whether any FXR60 variant supports this eSIM operation. | K13: Developer Clarification | L13: Resolve the model scope before changing Applies To or promising FXR60 support. | M13: Does eSIM configuration apply exclusively to FXR90 as the current description states, or to a specific FXR60 SKU too? Identify the supported model and firmware. | N13: Not yet recorded | O13: Open | P13: Endpoint review, source 6, Excel row 12 | Q13: =HYPERLINK("Firmware_Change_Review.md#e-006","Open E-006") -> Open E-006 | R13: eSIM model applicability | S13: Repository schema and original reviewer statements; no live reader test supplied.
A14: E-007 | B14: Starfish: Firmware confirms FX9600 does not support it. Kamali: supported only in fxr90/60 | C14: /cloud/eSimConfig | D14: PUT | E14: Vulcan | F14: Starfish: Operation absent -> #/paths/~1cloud~1eSimConfig/put Vulcan: $["operation"] -> #/components/schemas/SetEsimConfigRequest/properties/operation Vulcan: $["profileNickName"] -> #/components/schemas/SetEsimConfigRequest/properties/profileNickName Vulcan: $["activationID"] -> #/components/schemas/SetEsimConfigRequest/properties/activationID | G14: No operation in supplied schema; implementation is not established by that absence. | H14: Documented PUT /cloud/eSimConfig. Sets the eSIM configuration. Parameters: none declared. Request: type="object"; required=["operation","profileNickName"]. Success: 200 [application/json]: type="string". | I14: Both reviewers describe FXR60/FXR90 support, but the current Vulcan narrative explicitly says FXR90 only. Starfish has no eSIM operation. | J14: Keep FX9600 excluded. Establish whether any FXR60 variant supports this eSIM operation. | K14: Developer Clarification | L14: Resolve the model scope before changing Applies To or promising FXR60 support. | M14: Does eSIM configuration apply exclusively to FXR90 as the current description states, or to a specific FXR60 SKU too? Identify the supported model and firmware. | N14: Not yet recorded | O14: Open | P14: Endpoint review, source 7, Excel row 13 | Q14: =HYPERLINK("Firmware_Change_Review.md#e-007","Open E-007") -> Open E-007 | R14: eSIM model applicability | S14: Repository schema and original reviewer statements; no live reader test supplied.
A15: E-008 | B15: Starfish: FX9600 supports this (undocumented) Kamali: supported only in fxr90/60 | C15: /cloud/impinjGen2X | D15: GET | E15: Starfish | F15: Starfish: Operation absent -> #/paths/~1cloud~1impinjGen2X/get Vulcan: $["fastID"] -> #/components/schemas/GetImpinjGen2XResponse/properties/fastID Vulcan: $["fastID"]["enabled"] -> #/components/schemas/GetImpinjGen2XResponse/properties/fastID/properties/enabled Vulcan: $["tagProtect"] -> #/components/schemas/GetImpinjGen2XResponse/properties/tagProtect Vulcan: $["tagFocus"] -> #/components/schemas/GetImpinjGen2XResponse/properties/tagFocus Vulcan: $["tagQuieting"] -> #/components/schemas/impinjTagQuieting.v1 | G15: No operation in supplied schema; implementation is not established by that absence. | H15: Documented GET /cloud/impinjGen2X. Get Impinj Gen2X configuration. Parameters: none declared. Request: none declared. Success: 200 [application/json]: type="object". | I15: Starfish reports undocumented FX9600 support, while Kamali says FXR60/FXR90 only. The dedicated operation is absent from the Starfish specification. | J15: Establish GET /cloud/impinjGen2X support independently of applyImpinjGen2X in /start and impinjGen2X in /status. | K15: Developer Clarification | L15: Request a firmware-versioned local REST example. Add schema if implemented; create a firmware requirement only if the missing dedicated operation is approved. | M15: Does FX9600 implement GET /cloud/impinjGen2X on the target release? Supply the accepted request/returned object and status code, or confirm that only start/status Gen2X integration exists. | N15: Not yet recorded | O15: Open | P15: Endpoint review, source 8, Excel row 14 | Q15: =HYPERLINK("Firmware_Change_Review.md#e-008","Open E-008") -> Open E-008 | R15: Dedicated Gen2X endpoint support | S15: Repository schema and original reviewer statements; no live reader test supplied. Source limitation: Gen2X fields in /start and /status do not establish support for this endpoint.
A16: E-009 | B16: Starfish: FX9600 supports this (undocumented) Kamali: supported only in fxr90/60 | C16: /cloud/impinjGen2X | D16: PUT | E16: Starfish | F16: Starfish: Operation absent -> #/paths/~1cloud~1impinjGen2X/put Vulcan: $["fastID"] -> #/components/schemas/SetImpinjGen2XRequest/properties/fastID Vulcan: $["fastID"]["enabled"] -> #/components/schemas/SetImpinjGen2XRequest/properties/fastID/properties/enabled Vulcan: $["tagProtect"] -> #/components/schemas/SetImpinjGen2XRequest/properties/tagProtect Vulcan: $["tagFocus"] -> #/components/schemas/SetImpinjGen2XRequest/properties/tagFocus Vulcan: $["tagQuieting"] -> #/components/schemas/impinjTagQuieting.v1 | G16: No operation in supplied schema; implementation is not established by that absence. | H16: Documented PUT /cloud/impinjGen2X. Set Impinj Gen2X configuration. Parameters: none declared. Request: type="object". Success: 200 [application/json]: type="object"; required=["message"]. | I16: Starfish reports undocumented FX9600 support, while Kamali says FXR60/FXR90 only. The dedicated operation is absent from the Starfish specification. | J16: Establish PUT /cloud/impinjGen2X support independently of applyImpinjGen2X in /start and impinjGen2X in /status. | K16: Developer Clarification | L16: Request a firmware-versioned local REST example. Add schema if implemented; create a firmware requirement only if the missing dedicated operation is approved. | M16: Does FX9600 implement PUT /cloud/impinjGen2X on the target release? Supply the accepted request/returned object and status code, or confirm that only start/status Gen2X integration exists. | N16: Not yet recorded | O16: Open | P16: Endpoint review, source 9, Excel row 15 | Q16: =HYPERLINK("Firmware_Change_Review.md#e-009","Open E-009") -> Open E-009 | R16: Dedicated Gen2X endpoint support | S16: Repository schema and original reviewer statements; no live reader test supplied. Source limitation: Gen2X fields in /start and /status do not establish support for this endpoint.
A17: E-010 | B17: Starfish: FX9600 supports this (undocumented) Kamali: supported in fx9600 undocumented | C17: /cloud/localRestLogin | D17: GET | E17: Starfish | F17: Starfish: Operation absent -> #/paths/~1cloud~1localRestLogin/get Vulcan: $ -> #/components/schemas/LocalrestloginResponse Vulcan: $["code"] -> #/components/schemas/LocalrestloginResponse/properties/code Vulcan: $["message"] -> #/components/schemas/LocalrestloginResponse/properties/message | G17: No operation in supplied schema; implementation is not established by that absence. | H17: Documented GET /cloud/localRestLogin. Reader Login. Parameters: none declared. Request: none declared. Success: 200 [application/json]: type="object". | I17: Both reviewers confirm FX9600 local REST login, but Starfish paths omit GET /cloud/localRestLogin. Vulcan documents code and message. | J17: Document the existing Starfish authentication operation using its actual response and authentication scheme. | K17: Schema Update | L17: Add the missing Starfish path and narrative after obtaining its token response. Do not copy a live token or infer identical token semantics. | M17: For the supported FX9600 firmware, does this GET use Basic authentication and return {code,message} as Vulcan does? Supply a redacted example and error responses. | N17: Not yet recorded | O17: Open | P17: Endpoint review, source 10, Excel row 16 | Q17: =HYPERLINK("Firmware_Change_Review.md#e-010","Open E-010") -> Open E-010 | R17: Missing Starfish login operation | S17: Repository schema and original reviewer statements; no live reader test supplied.
A18: E-011 | B18: Starfish: FX9600 supports this (documented) 9600 supports Delete /cloud/logs/{logType} for log types "syslog" "radioPacketLog" and Get /cloud/logs/{logType} for log types "syslog" "radioPacketLog" "RgErrorLog" "RgWarningLog" "RcLog" Kamali: supported in fx9600 undocumented | C18: /cloud/logs/RcLog | D18: GET | E18: Both | F18: Starfish: path logType -> #/paths/~1cloud~1logs~1{logType}/parameters/0 Starfish: $ -> #/paths/~1cloud~1logs~1{logType}/get/responses/200/content/application~1gzip/schema Vulcan: $ -> #/components/schemas/GetRcLogResponse Vulcan: $["binary"] -> #/components/schemas/GetRcLogResponse/properties/binary Vulcan: $["filename"] -> #/components/schemas/GetRcLogResponse/properties/filename | G18: Documented GET /cloud/logs/{logType}. Retrieve Log. Parameters: path logType. Request: none declared. Success: 200 [application/gzip]: type/constraints not specified here. | H18: Documented GET /cloud/logs/RcLog. Retrieve RcInfoLog. Parameters: none declared. Request: none declared. Success: 200 [application/json]: type="object". | I18: Starfish represents this URL as /cloud/logs/{logType}; its enum includes RcLog. Vulcan documents the concrete URL. Both reviewers report support. | J18: Retain both documentation representations. They describe the same concrete route for this log type. | K18: No Change Required | L18: No endpoint implementation change. In a unified index, link the concrete URL to the parameterized Starfish operation. Response-format and DELETE-enum questions are tracked in E-030 and E-029. | M18: None for this route-support finding. See E-029/E-030 for unresolved contracts. | N18: Not yet recorded | O18: Resolved | P18: Endpoint review, source 11, Excel row 17 | Q18: =HYPERLINK("Firmware_Change_Review.md#e-011","Open E-011") -> Open E-011 | R18: Concrete log URL is already represented | S18: Both reviewer statements confirm support; both operation definitions represent the concrete URL. This closure covers route presence only. Source limitation: Reviewers disagree on documented versus undocumented, not on support.
A19: E-012 | B19: Starfish: FX9600 supports this (documented) Kamali: supported in fx9600 undocumented | C19: /cloud/logs/RgErrorLog | D19: GET | E19: Both | F19: Starfish: path logType -> #/paths/~1cloud~1logs~1{logType}/parameters/0 Starfish: $ -> #/paths/~1cloud~1logs~1{logType}/get/responses/200/content/application~1gzip/schema Vulcan: $ -> #/components/schemas/GetRgErrorLogResponse Vulcan: $["binary"] -> #/components/schemas/GetRgErrorLogResponse/properties/binary Vulcan: $["filename"] -> #/components/schemas/GetRgErrorLogResponse/properties/filename | G19: Documented GET /cloud/logs/{logType}. Retrieve Log. Parameters: path logType. Request: none declared. Success: 200 [application/gzip]: type/constraints not specified here. | H19: Documented GET /cloud/logs/RgErrorLog. Retrieve RgErrorLog. Parameters: none declared. Request: none declared. Success: 200 [application/json]: type="object". | I19: Starfish represents this URL as /cloud/logs/{logType}; its enum includes RgErrorLog. Vulcan documents the concrete URL. Both reviewers report support. | J19: Retain both documentation representations. They describe the same concrete route for this log type. | K19: No Change Required | L19: No endpoint implementation change. In a unified index, link the concrete URL to the parameterized Starfish operation. Response-format and DELETE-enum questions are tracked in E-030 and E-029. | M19: None for this route-support finding. See E-029/E-030 for unresolved contracts. | N19: Not yet recorded | O19: Resolved | P19: Endpoint review, source 12, Excel row 18 | Q19: =HYPERLINK("Firmware_Change_Review.md#e-012","Open E-012") -> Open E-012 | R19: Concrete log URL is already represented | S19: Both reviewer statements confirm support; both operation definitions represent the concrete URL. This closure covers route presence only. Source limitation: Reviewers disagree on documented versus undocumented, not on support.
A20: E-013 | B20: Starfish: FX9600 supports this (documented) Kamali: supported in fx9600 undocumented | C20: /cloud/logs/RgWarningLog | D20: GET | E20: Both | F20: Starfish: path logType -> #/paths/~1cloud~1logs~1{logType}/parameters/0 Starfish: $ -> #/paths/~1cloud~1logs~1{logType}/get/responses/200/content/application~1gzip/schema Vulcan: $ -> #/components/schemas/GetRgWarningLogResponse Vulcan: $["binary"] -> #/components/schemas/GetRgWarningLogResponse/properties/binary Vulcan: $["filename"] -> #/components/schemas/GetRgWarningLogResponse/properties/filename | G20: Documented GET /cloud/logs/{logType}. Retrieve Log. Parameters: path logType. Request: none declared. Success: 200 [application/gzip]: type/constraints not specified here. | H20: Documented GET /cloud/logs/RgWarningLog. Retrieve RgWarningLog. Parameters: none declared. Request: none declared. Success: 200 [application/json]: type="object". | I20: Starfish represents this URL as /cloud/logs/{logType}; its enum includes RgWarningLog. Vulcan documents the concrete URL. Both reviewers report support. | J20: Retain both documentation representations. They describe the same concrete route for this log type. | K20: No Change Required | L20: No endpoint implementation change. In a unified index, link the concrete URL to the parameterized Starfish operation. Response-format and DELETE-enum questions are tracked in E-030 and E-029. | M20: None for this route-support finding. See E-029/E-030 for unresolved contracts. | N20: Not yet recorded | O20: Resolved | P20: Endpoint review, source 13, Excel row 19 | Q20: =HYPERLINK("Firmware_Change_Review.md#e-013","Open E-013") -> Open E-013 | R20: Concrete log URL is already represented | S20: Both reviewer statements confirm support; both operation definitions represent the concrete URL. This closure covers route presence only. Source limitation: Reviewers disagree on documented versus undocumented, not on support.
A21: E-014 | B21: Starfish: FX9600 supports this (documented) Kamali: supported in fx9600 undocumented | C21: /cloud/logs/radioPacketLog | D21: DELETE | E21: Both | F21: Starfish: path logType -> #/paths/~1cloud~1logs~1{logType}/parameters/0 Vulcan: No target field declared -> #/paths/~1cloud~1logs~1radioPacketLog/delete | G21: Documented DELETE /cloud/logs/{logType}. Purge Log. Parameters: path logType. Request: none declared. Success: 200 []: no body schema. | H21: Documented DELETE /cloud/logs/radioPacketLog. Purge Log. Parameters: none declared. Request: none declared. Success: 200 [application/json]: no body schema. | I21: Starfish represents this URL as /cloud/logs/{logType}; its enum includes radioPacketLog. Vulcan documents the concrete URL. Both reviewers report support. | J21: Retain both documentation representations. They describe the same concrete route for this log type. | K21: No Change Required | L21: No endpoint implementation change. In a unified index, link the concrete URL to the parameterized Starfish operation. Response-format and DELETE-enum questions are tracked in E-030 and E-029. | M21: None for this route-support finding. See E-029/E-030 for unresolved contracts. | N21: Not yet recorded | O21: Resolved | P21: Endpoint review, source 14, Excel row 20 | Q21: =HYPERLINK("Firmware_Change_Review.md#e-014","Open E-014") -> Open E-014 | R21: Concrete log URL is already represented | S21: Both reviewer statements confirm support; both operation definitions represent the concrete URL. This closure covers route presence only. Source limitation: Reviewers disagree on documented versus undocumented, not on support.
A22: E-015 | B22: Starfish: FX9600 supports this (documented) Kamali: supported in fx9600 undocumented | C22: /cloud/logs/radioPacketLog | D22: GET | E22: Both | F22: Starfish: path logType -> #/paths/~1cloud~1logs~1{logType}/parameters/0 Starfish: $ -> #/paths/~1cloud~1logs~1{logType}/get/responses/200/content/application~1gzip/schema Vulcan: $ -> #/components/schemas/GetRadioPacketLogResponse Vulcan: $["binary"] -> #/components/schemas/GetRadioPacketLogResponse/properties/binary Vulcan: $["filename"] -> #/components/schemas/GetRadioPacketLogResponse/properties/filename | G22: Documented GET /cloud/logs/{logType}. Retrieve Log. Parameters: path logType. Request: none declared. Success: 200 [application/gzip]: type/constraints not specified here. | H22: Documented GET /cloud/logs/radioPacketLog. Retrieve radioPacketLog. Parameters: none declared. Request: none declared. Success: 200 [application/json]: type="object". | I22: Starfish represents this URL as /cloud/logs/{logType}; its enum includes radioPacketLog. Vulcan documents the concrete URL. Both reviewers report support. | J22: Retain both documentation representations. They describe the same concrete route for this log type. | K22: No Change Required | L22: No endpoint implementation change. In a unified index, link the concrete URL to the parameterized Starfish operation. Response-format and DELETE-enum questions are tracked in E-030 and E-029. | M22: None for this route-support finding. See E-029/E-030 for unresolved contracts. | N22: Not yet recorded | O22: Resolved | P22: Endpoint review, source 15, Excel row 21 | Q22: =HYPERLINK("Firmware_Change_Review.md#e-015","Open E-015") -> Open E-015 | R22: Concrete log URL is already represented | S22: Both reviewer statements confirm support; both operation definitions represent the concrete URL. This closure covers route presence only. Source limitation: Reviewers disagree on documented versus undocumented, not on support.
A23: E-016 | B23: Starfish: FX9600 supports this (documented) Kamali: supported in fx9600 undocumented | C23: /cloud/logs/syslog | D23: DELETE | E23: Both | F23: Starfish: path logType -> #/paths/~1cloud~1logs~1{logType}/parameters/0 Vulcan: No target field declared -> #/paths/~1cloud~1logs~1syslog/delete | G23: Documented DELETE /cloud/logs/{logType}. Purge Log. Parameters: path logType. Request: none declared. Success: 200 []: no body schema. | H23: Documented DELETE /cloud/logs/syslog. Purge Log. Parameters: none declared. Request: none declared. Success: 200 [application/json]: no body schema. | I23: Starfish represents this URL as /cloud/logs/{logType}; its enum includes syslog. Vulcan documents the concrete URL. Both reviewers report support. | J23: Retain both documentation representations. They describe the same concrete route for this log type. | K23: No Change Required | L23: No endpoint implementation change. In a unified index, link the concrete URL to the parameterized Starfish operation. Response-format and DELETE-enum questions are tracked in E-030 and E-029. | M23: None for this route-support finding. See E-029/E-030 for unresolved contracts. | N23: Not yet recorded | O23: Resolved | P23: Endpoint review, source 16, Excel row 22 | Q23: =HYPERLINK("Firmware_Change_Review.md#e-016","Open E-016") -> Open E-016 | R23: Concrete log URL is already represented | S23: Both reviewer statements confirm support; both operation definitions represent the concrete URL. This closure covers route presence only. Source limitation: Reviewers disagree on documented versus undocumented, not on support.
A24: E-017 | B24: Starfish: FX9600 supports this (documented) Kamali: supported in fx9600 undocumented | C24: /cloud/logs/syslog | D24: GET | E24: Both | F24: Starfish: path logType -> #/paths/~1cloud~1logs~1{logType}/parameters/0 Starfish: $ -> #/paths/~1cloud~1logs~1{logType}/get/responses/200/content/application~1gzip/schema Vulcan: $ -> #/components/schemas/GetLogsSyslogResponse Vulcan: $["binary"] -> #/components/schemas/GetLogsSyslogResponse/properties/binary Vulcan: $["filename"] -> #/components/schemas/GetLogsSyslogResponse/properties/filename | G24: Documented GET /cloud/logs/{logType}. Retrieve Log. Parameters: path logType. Request: none declared. Success: 200 [application/gzip]: type/constraints not specified here. | H24: Documented GET /cloud/logs/syslog. Retrieve Syslog. Parameters: none declared. Request: none declared. Success: 200 [application/json]: type="object". | I24: Starfish represents this URL as /cloud/logs/{logType}; its enum includes syslog. Vulcan documents the concrete URL. Both reviewers report support. | J24: Retain both documentation representations. They describe the same concrete route for this log type. | K24: No Change Required | L24: No endpoint implementation change. In a unified index, link the concrete URL to the parameterized Starfish operation. Response-format and DELETE-enum questions are tracked in E-030 and E-029. | M24: None for this route-support finding. See E-029/E-030 for unresolved contracts. | N24: Not yet recorded | O24: Resolved | P24: Endpoint review, source 17, Excel row 23 | Q24: =HYPERLINK("Firmware_Change_Review.md#e-017","Open E-017") -> Open E-017 | R24: Concrete log URL is already represented | S24: Both reviewer statements confirm support; both operation definitions represent the concrete URL. This closure covers route presence only. Source limitation: Reviewers disagree on documented versus undocumented, not on support.
A25: E-018 | B25: Starfish: Firmware confirms FX9600 does not support it. Kamali: not supported in fx9600 | C25: /cloud/networkInterfaces | D25: GET | E25: Both | F25: Starfish: Operation absent -> #/paths/~1cloud~1networkInterfaces/get Vulcan: $["availableNetworkInterfaces"] -> #/components/schemas/GetNetworkinterfacesResponse/properties/availableNetworkInterfaces Vulcan: $["availableNetworkInterfaces"][*] -> #/components/schemas/GetNetworkinterfacesResponse/properties/availableNetworkInterfaces/items | G25: No operation in supplied schema; implementation is not established by that absence. | H25: Documented GET /cloud/networkInterfaces. Retrieves network interfaces. Parameters: none declared. Request: none declared. Success: 200 [application/json]: type="object"; required=["availableNetworkInterfaces"]. | I25: Vulcan defines the operation and Starfish does not. Reviewer feedback supports that platform boundary. | J25: Retain the current platform-specific API scope. | K25: No Change Required | L25: Keep the endpoint limited to the documented platform. No cross-platform feature implementation is requested by the source comment. | M25: None unless the product requirement changes. A parity request would need a separate approved requirement. | N25: Not yet recorded | O25: Resolved | P25: Endpoint review, source 18, Excel row 24 | Q25: =HYPERLINK("Firmware_Change_Review.md#e-018","Open E-018") -> Open E-018 | R25: Intentional platform scope | S25: Repository path presence and reviewer platform-scope statement. For readerLocation, Starfish explicitly excludes FX9600; Kamali confirms FXR support without independently excluding FX9600.
A26: E-019 | B26: Starfish: FX9600 supports this (documented) Kamali: supported in fx9600 undocumented | C26: /cloud/pass-through | D26: PUT | E26: Starfish | F26: Starfish: Operation absent -> #/paths/~1cloud~1pass-through/put Vulcan: $ -> #/components/schemas/SetPassthruRequest Vulcan: $["component"] -> #/components/schemas/SetPassthruRequest/properties/component Vulcan: $["payload"] -> #/components/schemas/SetPassthruRequest/properties/payload | G26: No operation in supplied schema; implementation is not established by that absence. | H26: Documented PUT /cloud/pass-through. Pass-through command. Parameters: none declared. Request: type="object". Success: 200 [application/json]: type="object". | I26: Both reviewers report FX9600 support. The provided Starfish file omits PUT /cloud/pass-through although its app-specific pass-through operation exists. Vulcan accepts component and payload. | J26: Add documentation for the existing component operation without conflating it with /cloud/apps/{appname}/pass-through. | K26: Schema Update | L26: Locate the documented Starfish reference mentioned by its reviewer and obtain the accepted component payload before adding the missing operation to this file. | M26: For FX9600 component pass-through, are component="RC" and payload strings accepted at this exact URL? Supply the existing reference or a redacted transaction. | N26: Not yet recorded | O26: Open | P26: Endpoint review, source 19, Excel row 25 | Q26: =HYPERLINK("Firmware_Change_Review.md#e-019","Open E-019") -> Open E-019 | R26: Missing Starfish component pass-through documentation | S26: Repository schema and original reviewer statements; no live reader test supplied.
A27: E-020 | B27: Starfish: Firmware confirms FX9600 does not support it. Kamali: supported only in fxr90/60 | C27: /cloud/preSelection | D27: GET | E27: Both | F27: Starfish: Operation absent -> #/paths/~1cloud~1preSelection/get Vulcan: $["preSelection"] -> #/components/schemas/GetPreSelectionResponse/properties/preSelection | G27: No operation in supplied schema; implementation is not established by that absence. | H27: Documented GET /cloud/preSelection. Returns whether the rxSawFilter is enabled or disabled. Parameters: none declared. Request: none declared. Success: 200 [application/json]: type="object". | I27: Vulcan defines the operation and Starfish does not. Reviewer feedback supports that platform boundary. | J27: Retain the current platform-specific API scope. | K27: No Change Required | L27: Keep the endpoint limited to the documented platform. No cross-platform feature implementation is requested by the source comment. | M27: None unless the product requirement changes. A parity request would need a separate approved requirement. | N27: Not yet recorded | O27: Resolved | P27: Endpoint review, source 20, Excel row 26 | Q27: =HYPERLINK("Firmware_Change_Review.md#e-020","Open E-020") -> Open E-020 | R27: Intentional platform scope | S27: Repository path presence and reviewer platform-scope statement. For readerLocation, Starfish explicitly excludes FX9600; Kamali confirms FXR support without independently excluding FX9600.
A28: E-021 | B28: Starfish: Firmware confirms FX9600 does not support it. Kamali: supported only in fxr90/60 | C28: /cloud/preSelection | D28: PUT | E28: Both | F28: Starfish: Operation absent -> #/paths/~1cloud~1preSelection/put Vulcan: $["preSelection"] -> #/components/schemas/SetPreSelectionRequest/properties/preSelection | G28: No operation in supplied schema; implementation is not established by that absence. | H28: Documented PUT /cloud/preSelection. Enables or disables the rxSawFilter. Parameters: none declared. Request: type="object". Success: 200 [application/json]: type="string". | I28: Vulcan defines the operation and Starfish does not. Reviewer feedback supports that platform boundary. | J28: Retain the current platform-specific API scope. | K28: No Change Required | L28: Keep the endpoint limited to the documented platform. No cross-platform feature implementation is requested by the source comment. | M28: None unless the product requirement changes. A parity request would need a separate approved requirement. | N28: Not yet recorded | O28: Resolved | P28: Endpoint review, source 21, Excel row 27 | Q28: =HYPERLINK("Firmware_Change_Review.md#e-021","Open E-021") -> Open E-021 | R28: Intentional platform scope | S28: Repository path presence and reviewer platform-scope statement. For readerLocation, Starfish explicitly excludes FX9600; Kamali confirms FXR support without independently excluding FX9600.
A29: E-022 | B29: Starfish: FX9600 supports this internally (undocumented) API is not exposed to outside Kamali: not supported in fx9600 (local rest mapping missing,mqtt available) | C29: /cloud/readPoints | D29: GET | E29: Starfish | F29: Starfish: Operation absent -> #/paths/~1cloud~1readPoints/get Vulcan: $ -> #/components/schemas/GetReadpointsResponse Vulcan: $[*] -> #/components/schemas/GetReadpointsResponse/items | G29: No operation in supplied schema; implementation is not established by that absence. | H29: Documented GET /cloud/readPoints. Gets the read points on the reader. Parameters: none declared. Request: none declared. Success: 200 [application/json]: type="array". | I29: Starfish says readPoints is internal and not exposed externally; Kamali reports missing local REST mapping and available MQTT. Only Vulcan has this public path. | J29: Keep FX9600 out of the public REST reference unless external exposure is explicitly required and released. | K29: Developer Clarification | L29: Record the exposure decision. If internal/MQTT-only is intentional, close as No Change Required. If external REST is required, define a mapping change and its release. | M29: Is FX9600 GET /cloud/readPoints intentionally internal/MQTT-only, or must it become a public authenticated local REST endpoint? If required, identify the output contract and release. | N29: Not yet recorded | O29: Open | P29: Endpoint review, source 22, Excel row 28 | Q29: =HYPERLINK("Firmware_Change_Review.md#e-022","Open E-022") -> Open E-022 | R29: Internal read-points support versus public REST | S29: Repository schema and original reviewer statements; no live reader test supplied. Source limitation: Internal support and public REST availability are different.
A30: E-023 | B30: Starfish: Firmware confirms FX9600 does not support it. Kamali: supported in fxr90/60 | C30: /cloud/readerLocation | D30: GET | E30: Both | F30: Starfish: Operation absent -> #/paths/~1cloud~1readerLocation/get Vulcan: $["lastReportedTime"] -> #/components/schemas/GetGpsCoordinatesResponse/properties/lastReportedTime Vulcan: $["latitude"] -> #/components/schemas/GetGpsCoordinatesResponse/properties/latitude Vulcan: $["longitude"] -> #/components/schemas/GetGpsCoordinatesResponse/properties/longitude Vulcan: $["satellitesUsed"] -> #/components/schemas/GetGpsCoordinatesResponse/properties/satellitesUsed | G30: No operation in supplied schema; implementation is not established by that absence. | H30: Documented GET /cloud/readerLocation. Gets the GPS coordinates (lat/long). Parameters: none declared. Request: none declared. Success: 200 [application/json]: type="object". | I30: Vulcan defines the operation and Starfish does not. Reviewer feedback supports that platform boundary. | J30: Retain the current platform-specific API scope. | K30: No Change Required | L30: Keep the endpoint limited to the documented platform. No cross-platform feature implementation is requested by the source comment. | M30: None unless the product requirement changes. A parity request would need a separate approved requirement. | N30: Not yet recorded | O30: Resolved | P30: Endpoint review, source 23, Excel row 29 | Q30: =HYPERLINK("Firmware_Change_Review.md#e-023","Open E-023") -> Open E-023 | R30: Intentional platform scope | S30: Repository path presence and reviewer platform-scope statement. For readerLocation, Starfish explicitly excludes FX9600; Kamali confirms FXR support without independently excluding FX9600. Source limitation: Kamali confirms FXR support but does not explicitly deny FX9600 support.
A31: E-024 | B31: Starfish: FX9600 supports this (undocumented) FX9600 currently implementation is going on Kamali: supported in fxr90/60 . | C31: /cloud/region | D31: PUT | E31: Starfish | F31: Starfish: Operation absent -> #/paths/~1cloud~1region/put Vulcan: $ -> #/components/schemas/SetRegionRequest Vulcan: $["country"] -> #/components/schemas/SetRegionRequest/properties/country Vulcan: $["standardname"] -> #/components/schemas/SetRegionRequest/properties/standardname Vulcan: $["isLBT"] -> #/components/schemas/SetRegionRequest/properties/isLBT Vulcan: $["channeldata"] -> #/components/schemas/SetRegionRequest/properties/channeldata Vulcan: $["channeldata"][*] -> #/components/schemas/SetRegionRequest/properties/channeldata/items | G31: No operation in supplied schema; implementation is not established by that absence. | H31: Documented PUT /cloud/region. Update region information. Parameters: none declared. Request: type="object"; required=["country","standardname"]. Success: 200 [application/json]: type="string". | I31: Starfish feedback simultaneously says supported and implementation ongoing. PUT /cloud/region is absent in the supplied Starfish file. Vulcan defines country, standardname, isLBT and channeldata. | J31: Establish whether a released FX9600 setter exists and which request keys it accepts. | K31: Developer Clarification | L31: Obtain the implementation ticket, release state and exact FX9600 request. Keep any future support labeled unreleased until confirmed. | M31: Has FX9600 PUT /cloud/region shipped? Provide the firmware version and accepted keys, or identify the pending implementation and approved acceptance criteria. | N31: Not yet recorded | O31: Open | P31: Endpoint review, source 24, Excel row 30 | Q31: =HYPERLINK("Firmware_Change_Review.md#e-024","Open E-024") -> Open E-024 | R31: Region setter release status | S31: Repository schema and original reviewer statements; no live reader test supplied. Source limitation: Starfish says both supported and implementation in progress; Kamali only confirms FXR support.
A32: E-025 | B32: Starfish: Firmware confirms FX9600 does not support it. Kamali: supported only in fxr60 | C32: /cloud/stack-led | D32: GET | E32: Vulcan | F32: Starfish: Operation absent -> #/paths/~1cloud~1stack-led/get Vulcan: $["status"] -> #/components/schemas/GetStackledResponse/oneOf/0/properties/status Vulcan: $["status"] -> #/components/schemas/GetStackledResponse/oneOf/1/properties/status | G32: No operation in supplied schema; implementation is not established by that absence. | H32: Documented GET /cloud/stack-led. Retrieves stack LED state. Parameters: none declared. Request: none declared. Success: 200 [application/json]: type/constraints not specified here. | I32: Kamali restricts support to FXR60; the current narrative is more specific: FXR60 Premium only, excluding other FXR60 variants and FXR90. Starfish omits it. | J32: Retain FXR60 Premium applicability as documented. | K32: No Change Required | L32: No additional scope correction is needed in this snapshot. Preserve the SKU restriction in the unified index. | M32: None for the requested FXR90 exclusion. Reopen only if the Premium SKU restriction is disputed. | N32: Not yet recorded | O32: Resolved | P32: Endpoint review, source 25, Excel row 31 | Q32: =HYPERLINK("Firmware_Change_Review.md#e-025","Open E-025") -> Open E-025 | R32: Stack LED scope already narrowed | S32: Both current operation descriptions explicitly exclude FXR90; reviewer comments agree on FXR60 scope.
A33: E-026 | B33: Starfish: Firmware confirms FX9600 does not support it. Kamali: supported only in fxr60 | C33: /cloud/stack-led | D33: PUT | E33: Vulcan | F33: Starfish: Operation absent -> #/paths/~1cloud~1stack-led/put Vulcan: $["color"] -> #/components/schemas/SetStackledRequest/properties/color Vulcan: $["brightness"] -> #/components/schemas/SetStackledRequest/properties/brightness Vulcan: $["flash"] -> #/components/schemas/SetStackledRequest/properties/flash Vulcan: $["seconds"] -> #/components/schemas/SetStackledRequest/properties/seconds | G33: No operation in supplied schema; implementation is not established by that absence. | H33: Documented PUT /cloud/stack-led. Updates stack LED state. Parameters: none declared. Request: type="object"; required=["color","flash","seconds"]. Success: 200 [application/json]: type="string". | I33: Kamali restricts support to FXR60; the current narrative is more specific: FXR60 Premium only, excluding other FXR60 variants and FXR90. Starfish omits it. | J33: Retain FXR60 Premium applicability as documented. | K33: No Change Required | L33: No additional scope correction is needed in this snapshot. Preserve the SKU restriction in the unified index. | M33: None for the requested FXR90 exclusion. Reopen only if the Premium SKU restriction is disputed. | N33: Not yet recorded | O33: Resolved | P33: Endpoint review, source 26, Excel row 32 | Q33: =HYPERLINK("Firmware_Change_Review.md#e-026","Open E-026") -> Open E-026 | R33: Stack LED scope already narrowed | S33: Both current operation descriptions explicitly exclude FXR90; reviewer comments agree on FXR60 scope.
A34: E-027 | B34: Starfish: firmware confirms FX9600 does not support it. Kamali: not supported in fx9600 | C34: /cloud/updatePassword | D34: PUT | E34: Both | F34: Starfish: Operation absent -> #/paths/~1cloud~1updatePassword/put Vulcan: $["userName"] -> #/components/schemas/UpdatePasswordRequest/properties/userName Vulcan: $["currentPassword"] -> #/components/schemas/UpdatePasswordRequest/properties/currentPassword Vulcan: $["newPassword"] -> #/components/schemas/UpdatePasswordRequest/properties/newPassword | G34: No operation in supplied schema; implementation is not established by that absence. | H34: Documented PUT /cloud/updatePassword. Updates the local REST login password. Parameters: none declared. Request: type="object"; required=["userName","currentPassword","newPassword"]. Success: 200 [application/json]: type="string". | I34: Vulcan defines the operation and Starfish does not. Reviewer feedback supports that platform boundary. | J34: Retain the current platform-specific API scope. | K34: No Change Required | L34: Keep the endpoint limited to the documented platform. No cross-platform feature implementation is requested by the source comment. | M34: None unless the product requirement changes. A parity request would need a separate approved requirement. | N34: Not yet recorded | O34: Resolved | P34: Endpoint review, source 27, Excel row 33 | Q34: =HYPERLINK("Firmware_Change_Review.md#e-027","Open E-027") -> Open E-027 | R34: Intentional platform scope | S34: Repository path presence and reviewer platform-scope statement. For readerLocation, Starfish explicitly excludes FX9600; Kamali confirms FXR support without independently excluding FX9600.
A35: E-028 | B35: Starfish: Firmware confirms FX9600 does not support it. Kamali: not supported in fx9600 | C35: /cloud/wifiNetworks | D35: GET | E35: Both | F35: Starfish: Operation absent -> #/paths/~1cloud~1wifiNetworks/get Vulcan: $["availableWifiNetworks"] -> #/components/schemas/GetAvailablewifinetworksResponse/properties/availableWifiNetworks Vulcan: $["availableWifiNetworks"][*] -> #/components/schemas/GetAvailablewifinetworksResponse/properties/availableWifiNetworks/items | G35: No operation in supplied schema; implementation is not established by that absence. | H35: Documented GET /cloud/wifiNetworks. Retrieves available Wi-Fi networks. Parameters: none declared. Request: none declared. Success: 200 [application/json]: type="object"; required=["availableWifiNetworks"]. | I35: Vulcan defines the operation and Starfish does not. Reviewer feedback supports that platform boundary. | J35: Retain the current platform-specific API scope. | K35: No Change Required | L35: Keep the endpoint limited to the documented platform. No cross-platform feature implementation is requested by the source comment. | M35: None unless the product requirement changes. A parity request would need a separate approved requirement. | N35: Not yet recorded | O35: Resolved | P35: Endpoint review, source 28, Excel row 34 | Q35: =HYPERLINK("Firmware_Change_Review.md#e-028","Open E-028") -> Open E-028 | R35: Intentional platform scope | S35: Repository path presence and reviewer platform-scope statement. For readerLocation, Starfish explicitly excludes FX9600; Kamali confirms FXR support without independently excluding FX9600.
A36: E-029 | B36: Starfish: Confirm if FXR supports this (undocumented), or firmware confirms FXR does not support it. Kamali: I don’t think this is a valid command | C36: /cloud/logs/{logType} | D36: DELETE | E36: Both | F36: Starfish: path logType -> #/paths/~1cloud~1logs~1{logType}/parameters/0 Vulcan: No target field declared -> #/paths/~1cloud~1logs~1syslog/delete | G36: Documented DELETE /cloud/logs/{logType}. Purge Log. Parameters: path logType. Request: none declared. Success: 200 []: no body schema. | H36: Documented DELETE /cloud/logs/syslog. Purge Log. Parameters: none declared. Request: none declared. Success: 200 [application/json]: no body schema. | I36: Starfish DELETE /cloud/logs/{logType} allows five enum values, but its reviewer identifies only syslog and radioPacketLog for DELETE. Vulcan explicitly defines DELETE for those two concrete URLs. The placeholder is not a literal command. | J36: Keep the two represented purge operations; establish whether RcLog, RgErrorLog and RgWarningLog are truly deletable. | K36: Developer Clarification | L36: Correct the review assumption that a templated route is invalid. Ask Starfish to reconcile the DELETE enum; narrow it if documentation is wrong or define an approved firmware extension if required. | M36: Do FX9600 DELETE requests for RcLog, RgErrorLog and RgWarningLog succeed on the target firmware? Should the enum be limited to syslog and radioPacketLog? For FXR, are any other concrete purge URLs supported? | N36: Not yet recorded | O36: Open | P36: Endpoint review, source 29, Excel row 35 | Q36: =HYPERLINK("Firmware_Change_Review.md#e-029","Open E-029") -> Open E-029 | R36: Log DELETE route and supported log types | S36: Repository schema and original reviewer statements; no live reader test supplied. Source limitation: {logType} is a path placeholder. Starfish row 11 lists syslog and radioPacketLog for DELETE.
A37: E-030 | B37: Starfish: Confirm if FXR supports this (undocumented), or firmware confirms FXR does not support it. Kamali: is this the same as /cloud/logs (we have GET and PUT for this) .supported by all platforms | C37: /cloud/logs/{logType} | D37: GET | E37: Both | F37: Starfish: path logType -> #/paths/~1cloud~1logs~1{logType}/parameters/0 Starfish: $ -> #/paths/~1cloud~1logs~1{logType}/get/responses/200/content/application~1gzip/schema Vulcan: $ -> #/components/schemas/GetRcLogResponse Vulcan: $["binary"] -> #/components/schemas/GetRcLogResponse/properties/binary Vulcan: $["filename"] -> #/components/schemas/GetRcLogResponse/properties/filename | G37: Documented GET /cloud/logs/{logType}. Retrieve Log. Parameters: path logType. Request: none declared. Success: 200 [application/gzip]: type/constraints not specified here. | H37: Documented GET /cloud/logs/RcLog. Retrieve RcInfoLog. Parameters: none declared. Request: none declared. Success: 200 [application/json]: type="object". | I37: Starfish GET /cloud/logs/{logType} lists five values and application/gzip content with no explicit schema type. Vulcan has all five concrete GET URLs with JSON filename and Base64 binary. GET/PUT /cloud/logs configures logging and is a different route. | J37: Document each platform’s actual response media type and wrapper; keep concrete and templated route representations equivalent where logType matches. | K37: Developer Clarification | L37: Retain the existing routes. Capture response headers/body for the five types on FX9600 and FXR before unifying the download contract. | M37: Does FX9600 return an HTTP binary attachment or a JSON object containing filename and Base64 binary for each listed logType? Are any response differences intentional? | N37: Not yet recorded | O37: Open | P37: Endpoint review, source 30, Excel row 36 | Q37: =HYPERLINK("Firmware_Change_Review.md#e-030","Open E-030") -> Open E-030 | R37: Log retrieval response format and route mapping | S37: Repository schema and original reviewer statements; no live reader test supplied. Source limitation: A parameterized path describes concrete URLs; /cloud/logs is not automatically equivalent.
A38: E-031 | B38: Starfish: Confirm if FXR supports this (undocumented), or firmware confirms FXR does not support it. Kamali: currently not supported in fxr90/60 | C38: /cloud/nameAndDescription | D38: GET | E38: Both | F38: Starfish: $["name"] -> #/components/schemas/getNameAndDescription/properties/name Starfish: $["description"] -> #/components/schemas/getNameAndDescription/properties/description Vulcan: Operation absent -> #/paths/~1cloud~1nameAndDescription/get | G38: Documented GET /cloud/nameAndDescription. GET Name and Description. Parameters: none declared. Request: none declared. Success: 200 [application/json]: type="object"; required=["name","description"]. | H38: No operation in supplied schema; implementation is not established by that absence. | I38: Starfish defines the operation and Vulcan does not. Reviewer feedback supports that platform boundary. | J38: Retain the current platform-specific API scope. | K38: No Change Required | L38: Keep the endpoint limited to the documented platform. No cross-platform feature implementation is requested by the source comment. | M38: None unless the product requirement changes. A parity request would need a separate approved requirement. | N38: Not yet recorded | O38: Resolved | P38: Endpoint review, source 31, Excel row 37 | Q38: =HYPERLINK("Firmware_Change_Review.md#e-031","Open E-031") -> Open E-031 | R38: Intentional platform scope | S38: Repository path presence and reviewer platform-scope statement. For readerLocation, Starfish explicitly excludes FX9600; Kamali confirms FXR support without independently excluding FX9600.
A39: E-032 | B39: Starfish: Confirm if FXR supports this (undocumented), or firmware confirms FXR does not support it. Kamali: cu | C39: /cloud/nameAndDescription | D39: PUT | E39: Vulcan | F39: Starfish: $ -> #/components/schemas/setNameAndDescription Starfish: $["name"] -> #/components/schemas/setNameAndDescription/properties/name Starfish: $["description"] -> #/components/schemas/setNameAndDescription/properties/description Vulcan: Operation absent -> #/paths/~1cloud~1nameAndDescription/put | G39: Documented PUT /cloud/nameAndDescription. PUT Name and Description. Parameters: none declared. Request: type="object"; required=["name","description"]. Success: 200 []: no body schema. | H39: No operation in supplied schema; implementation is not established by that absence. | I39: Starfish defines a required name/description body; Vulcan has no operation. Kamali’s PUT comment is only "cu". GET feedback does not establish PUT support. | J39: Determine the FXR PUT support decision from the complete comment and a firmware-versioned contract. | K39: Developer Clarification | L39: Obtain the remainder of Kamali’s source row 32. Keep this open; do not infer the missing text from GET. | M39: What is the full PUT /cloud/nameAndDescription comment beginning "cu"? Is the operation intentionally unsupported on FXR60/FXR90, already implemented, or a requested firmware addition? | N39: Not yet recorded | O39: Open | P39: Endpoint review, source 32, Excel row 38 | Q39: =HYPERLINK("Firmware_Change_Review.md#e-032","Open E-032") -> Open E-032 | R39: Truncated PUT name-and-description feedback | S39: Repository schema and original reviewer statements; no live reader test supplied. Source limitation: Kamali source ends at “cu”.
A40: F-001 | B40: Starfish: Why: Incorrect in documentation Needed: yes Fix: Same as vulcan. Kamali: Why: both starfish and vulcan are returning status Needed: no change is needed..check if schema is properly updated . | C40: /cloud/app-led | D40: GET | E40: Starfish | F40: Starfish: $ -> #/paths/~1cloud~1app-led/get/responses/200/content/text~1html/schema Vulcan: $ -> #/components/schemas/GetAppledResponse Vulcan: $["status"] -> #/components/schemas/GetAppledResponse/properties/status | G40: Schema: $: type="string"; enum=["DEFAULT","NON_DEFAULT"] | H40: Schema: $: type="object"; $.status: type="string"; enum=["DEFAULT","NON_DEFAULT"] | I40: Starfish 200 response is a bare string enum; Vulcan returns an object with status. Both reviewers say the readers return status. | J40: Starfish should describe the existing {"status":"DEFAULT"} / {"status":"NON_DEFAULT"} object. | K40: Schema Update | L40: Replace the Starfish response schema with an object containing status and update the example. Confirm requiredness from a response capture. | M40: Is status always present on FX9600, including the default state, and are additional fields ever returned? | N40: Not yet recorded | O40: Open | P40: Field review, source 1, Excel row 7 | Q40: =HYPERLINK("Firmware_Change_Review.md#f-001","Open F-001") -> Open F-001 | R40: LED response wrapper | S40: Repository schema and original reviewer statements; no live reader test supplied.
A41: F-002 | B41: Starfish: Why: Incorrect in documentation Needed: yes Fix: Same as vulcan. The parameters are intended to be part of the body Kamali: Why: If color,flash,seconds are provided in json body the command works in starfish.. Needed: may need a schema update in starfish..or need to check if both json body and query params need to be supported in vulcan | C41: /cloud/app-led | D41: PUT | E41: Starfish | F41: Starfish: query color -> #/paths/~1cloud~1app-led/put/parameters/0 Starfish: query seconds -> #/paths/~1cloud~1app-led/put/parameters/1 Starfish: query flash -> #/paths/~1cloud~1app-led/put/parameters/2 Vulcan: $ -> #/components/schemas/SetAppledRequest Vulcan: $["color"] -> #/components/schemas/SetAppledRequest/properties/color Vulcan: $["flash"] -> #/components/schemas/SetAppledRequest/properties/flash Vulcan: $["seconds"] -> #/components/schemas/SetAppledRequest/properties/seconds | G41: Schema: query color; query seconds; query flash | H41: Schema: $: type="object"; required=["color","flash","seconds"]; $.color: type="string"; enum=["red","amber","green","off"]; $.flash: type="boolean"; $.seconds: type="number" | I41: Starfish defines color/seconds/flash as query parameters with no body; Vulcan defines a JSON body. Both reviews explicitly confirm JSON-body support on Starfish. | J41: Represent the working Starfish JSON body. Query compatibility is a separate decision in F-002A. | K41: Schema Update | L41: Move the documented Starfish fields to requestBody and update examples. Do not introduce an adapter or firmware change for already-working JSON requests. | M41: For the JSON body, is flash required or optional on FX9600, and must seconds be an integer? Starfish currently marks flash optional and seconds integer; Vulcan requires flash and uses number. | N41: Not yet recorded | O41: Open | P41: Field review, source 2, Excel row 8 | Q41: =HYPERLINK("Firmware_Change_Review.md#f-002","Open F-002") -> Open F-002 | R41: LED request field location | S41: Repository schema and original reviewer statements; no live reader test supplied. Source limitation: The original claim that a body/query adapter is mandatory is not supported by these comments.
A42: F-002A | B42: Starfish: Why: Incorrect in documentation Needed: yes Fix: Same as vulcan. The parameters are intended to be part of the body Kamali: Why: If color,flash,seconds are provided in json body the command works in starfish.. Needed: may need a schema update in starfish..or need to check if both json body and query params need to be supported in vulcan | C42: /cloud/app-led | D42: PUT | E42: Both | F42: Starfish: query color -> #/paths/~1cloud~1app-led/put/parameters/0 Starfish: query seconds -> #/paths/~1cloud~1app-led/put/parameters/1 Starfish: query flash -> #/paths/~1cloud~1app-led/put/parameters/2 Vulcan: $ -> #/components/schemas/SetAppledRequest Vulcan: $["color"] -> #/components/schemas/SetAppledRequest/properties/color Vulcan: $["flash"] -> #/components/schemas/SetAppledRequest/properties/flash Vulcan: $["seconds"] -> #/components/schemas/SetAppledRequest/properties/seconds | G42: Schema: query color; query seconds; query flash | H42: Schema: $: type="object"; required=["color","flash","seconds"]; $.color: type="string"; enum=["red","amber","green","off"]; $.flash: type="boolean"; $.seconds: type="number" | I42: Kamali asks whether Vulcan must also accept Starfish query parameters. JSON body already works on both; the current schemas do not establish compatibility requirements. | J42: Keep JSON body as the documented contract. Add query support only if backward compatibility is explicitly required. | K42: Developer Clarification | L42: Decide whether query-only and mixed query/body requests are supported, rejected or deprecated. If new support is required, specify precedence, validation and release. | M42: Must FXR60/FXR90 accept legacy ?color=green&flash=false&seconds=10 requests? Does FX9600 still accept them, and what wins if both query and body values are supplied? | N42: Not yet recorded | O42: Open | P42: Field review, source 2, Excel row 8 | Q42: =HYPERLINK("Firmware_Change_Review.md#f-002a","Open F-002A") -> Open F-002A | R42: LED query compatibility requirement | S42: Repository schema and original reviewer statements; no live reader test supplied. Source limitation: The original claim that a body/query adapter is mandatory is not supported by these comments.
A43: F-003 | B43: Starfish: Why: yes Needed: No changes required Fix: All app based requests have appname + request in the url for local rest requests but have the "appname" key for mqtt type requests Kamali: Why: appname is not required in the payload..works even when removed..needs a schema update Needed: needs schema update | C43: /cloud/apps/{appname}/autostart | D43: PUT | E43: Vulcan | F43: Starfish: path appname -> #/paths/~1cloud~1apps~1{appname}~1autostart/parameters/0 Starfish: $ -> #/paths/~1cloud~1apps~1{appname}~1autostart/put/requestBody/content/application~1json/schema Starfish: $["autostart"] -> #/paths/~1cloud~1apps~1{appname}~1autostart/put/requestBody/content/application~1json/schema/properties/autostart Vulcan: path appname -> #/paths/~1cloud~1apps~1{appname}~1autostart/parameters/0 Vulcan: $ -> #/components/schemas/SetAutostartuserappRequest Vulcan: $["appname"] -> #/components/schemas/SetAutostartuserappRequest/properties/appname Vulcan: $["autostart"] -> #/components/schemas/SetAutostartuserappRequest/properties/autostart | G43: Schema: path appname; $: type="object"; $.autostart: type="boolean"; default=true | H43: Schema: path appname; $: type="object"; required=["autostart"]; $.appname: type="string"; $.autostart: type="boolean" | I43: Both schemas require path appname. Vulcan also declares optional body appname; Kamali confirms the request works without it. Starfish keeps body autostart. | J43: Use path appname for local REST and body autostart. MQTT payload routing remains separate. | K43: Schema Update | L43: Remove redundant Vulcan REST body appname and its examples. Retain autostart and its required flag. | M43: Does path appname take precedence if an old client also sends a different body appname? Record deprecation behavior without requiring the redundant field. | N43: Not yet recorded | O43: Open | P43: Field review, source 3, Excel row 9 | Q43: =HYPERLINK("Firmware_Change_Review.md#f-003","Open F-003") -> Open F-003 | R43: Redundant REST appname body | S43: Repository schema and original reviewer statements; no live reader test supplied. Source limitation: Starfish “No changes required” does not remove the FXR schema action.
A44: F-004 | B44: Starfish: Why: yes Needed: No changes required Kamali: Why: appname is not required in the payload..works even when removed..needs a schema update Needed: needs schema update | C44: /cloud/apps/{appname}/start | D44: PUT | E44: Vulcan | F44: Starfish: path appname -> #/paths/~1cloud~1apps~1{appname}~1start/parameters/0 Vulcan: path appname -> #/paths/~1cloud~1apps~1{appname}~1start/parameters/0 Vulcan: $ -> #/components/schemas/SetStartuserappRequest Vulcan: $["appname"] -> #/components/schemas/SetStartuserappRequest/properties/appname | G44: Schema: path appname | H44: Schema: path appname; $: type="object"; $.appname: type="string" | I44: Both schemas require path appname. Vulcan also declares optional body appname; Kamali confirms the request works without it. Starfish has no request body. | J44: Use path appname for local REST; omit the redundant appname-only body. MQTT payload routing remains separate. | K44: Schema Update | L44: Remove redundant Vulcan REST body appname and its examples. Remove the body schema if no other REST fields are accepted. | M44: Does path appname take precedence if an old client also sends a different body appname? Record deprecation behavior without requiring the redundant field. | N44: Not yet recorded | O44: Open | P44: Field review, source 4, Excel row 10 | Q44: =HYPERLINK("Firmware_Change_Review.md#f-004","Open F-004") -> Open F-004 | R44: Redundant REST appname body | S44: Repository schema and original reviewer statements; no live reader test supplied.
A45: F-005 | B45: Starfish: Why: yes Needed: No changes required Kamali: Why: appname is not required in the payload..works even when removed..needs a schema update Needed: needs schema update | C45: /cloud/apps/{appname}/stop | D45: PUT | E45: Vulcan | F45: Starfish: path appname -> #/paths/~1cloud~1apps~1{appname}~1stop/parameters/0 Vulcan: path appname -> #/paths/~1cloud~1apps~1{appname}~1stop/parameters/0 Vulcan: $ -> #/components/schemas/SetStopuserappRequest Vulcan: $["appname"] -> #/components/schemas/SetStopuserappRequest/properties/appname | G45: Schema: path appname | H45: Schema: path appname; $: type="object"; $.appname: type="string" | I45: Both schemas require path appname. Vulcan also declares optional body appname; Kamali confirms the request works without it. Starfish has no request body. | J45: Use path appname for local REST; omit the redundant appname-only body. MQTT payload routing remains separate. | K45: Schema Update | L45: Remove redundant Vulcan REST body appname and its examples. Remove the body schema if no other REST fields are accepted. | M45: Does path appname take precedence if an old client also sends a different body appname? Record deprecation behavior without requiring the redundant field. | N45: Not yet recorded | O45: Open | P45: Field review, source 5, Excel row 11 | Q45: =HYPERLINK("Firmware_Change_Review.md#f-005","Open F-005") -> Open F-005 | R45: Redundant REST appname body | S45: Repository schema and original reviewer statements; no live reader test supplied.
A46: F-006 | B46: Starfish: Why: yes Needed: No changes required Kamali: Why: appname is not required in the payload..works even when removed..needs a schema update Needed: needs schema update | C46: /cloud/apps/{appname}/uninstall | D46: PUT | E46: Vulcan | F46: Starfish: path appname -> #/paths/~1cloud~1apps~1{appname}~1uninstall/parameters/0 Vulcan: path appname -> #/paths/~1cloud~1apps~1{appname}~1uninstall/parameters/0 Vulcan: $ -> #/components/schemas/SetUninstalluserappRequest Vulcan: $["appname"] -> #/components/schemas/SetUninstalluserappRequest/properties/appname | G46: Schema: path appname | H46: Schema: path appname; $: type="object"; $.appname: type="string" | I46: Both schemas require path appname. Vulcan also declares optional body appname; Kamali confirms the request works without it. Starfish has no request body. | J46: Use path appname for local REST; omit the redundant appname-only body. MQTT payload routing remains separate. | K46: Schema Update | L46: Remove redundant Vulcan REST body appname and its examples. Remove the body schema if no other REST fields are accepted. | M46: Does path appname take precedence if an old client also sends a different body appname? Record deprecation behavior without requiring the redundant field. | N46: Not yet recorded | O46: Open | P46: Field review, source 6, Excel row 12 | Q46: =HYPERLINK("Firmware_Change_Review.md#f-006","Open F-006") -> Open F-006 | R46: Redundant REST appname body | S46: Repository schema and original reviewer statements; no live reader test supplied.
A47: F-007 | B47: Starfish: Why: Incorrect in documentation Needed: yes Fix: Response must be an array of certificate obects Kamali: Why: Both the readers are returning array of objects.may need schema updation Needed: may need schema updation for starfish | C47: /cloud/certificates | D47: GET | E47: Starfish | F47: Starfish: $ -> #/paths/~1cloud~1certificates/get/responses/200/content/application~1json/schema Starfish: $["name"] -> #/paths/~1cloud~1certificates/get/responses/200/content/application~1json/schema/properties/name Starfish: $["type"] -> #/paths/~1cloud~1certificates/get/responses/200/content/application~1json/schema/properties/type Vulcan: $ -> #/components/schemas/GetCertificatesResponse Vulcan: $[*] -> #/components/schemas/GetCertificatesResponse/items Vulcan: $[*]["name"] -> #/components/schemas/GetCertificatesResponse/items/properties/name Vulcan: $[*]["type"] -> #/components/schemas/GetCertificatesResponse/items/properties/type | G47: Schema: $: type="object"; required=["name","type","installTime","issuerName","publickey","serial","subjectName","validityStart","validityEnd"]; $.name: type="string"; $.type: type="string"; enum=["server","client","app"] | H47: Schema: $: type="array"; $[]: type="object"; required=["installTime","issuerName","name","publickey","serial","subjectName","type","validityEnd","validityStart"]; $[].name: type="string"; $[].type: type="string"; enum=["server","client","app"] | I47: Starfish describes one certificate object; Vulcan describes an array of those objects. Both reviewers confirm array responses. | J47: GET /cloud/certificates returns an array, including [] when no certificates are installed if confirmed. | K47: Schema Update | L47: Wrap the Starfish certificate object schema in type: array/items and update its example. Preserve certificate field names. | M47: Does FX9600 return [] for an empty list and retain the same required fields on every certificate item? | N47: Not yet recorded | O47: Open | P47: Field review, source 7, Excel row 13 | Q47: =HYPERLINK("Firmware_Change_Review.md#f-007","Open F-007") -> Open F-007 | R47: Certificate-list array wrapper | S47: Repository schema and original reviewer statements; no live reader test supplied. Source limitation: Both reviews identify an array response; do not retain the original single-object client workaround.
A48: F-008 | B48: Starfish: Why: 9600 supports both "certname" as the path parameter and as a body parameter Needed: yes Fix: No changes required Kamali: Why: the command accepts json body in both readers..may need schema update Needed: may need schema updation . | C48: /cloud/certificates/{certname} | D48: DELETE | E48: Both | F48: Starfish: path certname -> #/paths/~1cloud~1certificates~1{certname}/parameters/0 Starfish: $ -> #/paths/~1cloud~1certificates~1{certname}/delete/requestBody/content/application~1json/schema Starfish: $["type"] -> #/paths/~1cloud~1certificates~1{certname}/delete/requestBody/content/application~1json/schema/properties/type Vulcan: path certname -> #/paths/~1cloud~1certificates~1{certname}/parameters/0 Vulcan: $ -> #/components/schemas/DelCertificateRequest Vulcan: $["type"] -> #/components/schemas/DelCertificateRequest/properties/type | G48: Schema: path certname; $: type="object"; required=["type"]; $.type: type="string"; enum=["client","app"] | H48: Schema: path certname; $: type="object"; required=["type"]; $.type: type="string"; enum=["client","app"] | I48: The old comment reports a Vulcan query parameter. Both current schemas now require JSON body type (client or app) and path certname. Vulcan narrative explicitly places certname in the path and type in the body; it does not establish rejection of alternate forms. | J48: Retain the current Vulcan JSON type contract; no further location edit is needed for this finding. | K48: No Change Required | L48: Close the obsolete body-versus-query discrepancy. Starfish body-certname compatibility remains separate in F-008A. | M48: None for the current type-location finding. | N48: Not yet recorded | O48: Resolved | P48: Field review, source 8, Excel row 14 | Q48: =HYPERLINK("Firmware_Change_Review.md#f-008","Open F-008") -> Open F-008 | R48: Certificate type location already corrected | S48: Both reviewers confirm JSON-body support; both current schemas place type in the body with matching enum. Source limitation: Starfish comment discusses certname, not type. Retain that distinction; do not infer optional or required fields.
A49: F-008A | B49: Starfish: Why: 9600 supports both "certname" as the path parameter and as a body parameter Needed: yes Fix: No changes required Kamali: Why: the command accepts json body in both readers..may need schema update Needed: may need schema updation . | C49: /cloud/certificates/{certname} | D49: DELETE | E49: Starfish | F49: Starfish: path certname -> #/paths/~1cloud~1certificates~1{certname}/parameters/0 Starfish: $ -> #/paths/~1cloud~1certificates~1{certname}/delete/requestBody/content/application~1json/schema Starfish: $["type"] -> #/paths/~1cloud~1certificates~1{certname}/delete/requestBody/content/application~1json/schema/properties/type Vulcan: path certname -> #/paths/~1cloud~1certificates~1{certname}/parameters/0 Vulcan: $ -> #/components/schemas/DelCertificateRequest Vulcan: $["type"] -> #/components/schemas/DelCertificateRequest/properties/type | G49: Schema: path certname; $: type="object"; required=["type"]; $.type: type="string"; enum=["client","app"] | H49: Schema: path certname; $: type="object"; required=["type"]; $.type: type="string"; enum=["client","app"] | I49: Starfish reviewer says certname works in path and body, but its schema declares only path certname. This does not establish type optionality or query support. | J49: Describe the actually supported Starfish name-routing alternatives without changing the confirmed body type requirement. | K49: Developer Clarification | L49: Obtain requests covering path name, body name and conflicting names. Decide whether to document a supported alias or retain path-only usage. | M49: On FX9600, at which exact URL is body certname accepted? Is path certname still required, and which name wins when they conflict? Keep this separate from body type. | N49: Not yet recorded | O49: Open | P49: Field review, source 8, Excel row 14 | Q49: =HYPERLINK("Firmware_Change_Review.md#f-008a","Open F-008A") -> Open F-008A | R49: Starfish certificate-name body compatibility | S49: Repository schema and original reviewer statements; no live reader test supplied. Source limitation: Starfish comment discusses certname, not type. Retain that distinction; do not infer optional or required fields.
A50: F-009 | B50: Starfish: Why: in FX9600 its wrongly documented for localrest it does not support setting eth, mlan network interface FX9600 supports only following field in the payload hostname, ipAddress, gatewayAddress, subnetMask, dnsAddress, dhcp, macAddress Needed: yes Fix: set network in FX9600 is yet to implement for setting ETH, MLAN like Vulcan Kamali: Why: vulcan supports ethernet/wifi/bluetooth and wan. Needed: yes it is needed since hardware is different between vulcan and starfish response and payload will be different. | C50: /cloud/network | D50: PUT | E50: Starfish | F50: Starfish: $ -> #/components/schemas/networkconfig.v1 Starfish: $["dhcp"] -> #/components/schemas/networkconfig.v1/properties/dhcp Starfish: $["macAdress"] -> #/components/schemas/networkconfig.v1/properties/macAdress Starfish: $["hostName"] -> #/components/schemas/networkconfig.v1/properties/hostName Starfish: $["networkInterface"] -> #/components/schemas/networkconfig.v1/properties/networkInterface Starfish: $["networkInterface"]["eth0"] -> #/components/schemas/networkconfig.v1/properties/networkInterface/properties/eth0 Starfish: $["networkInterface"]["mlan0"] -> #/components/schemas/networkconfig.v1/properties/networkInterface/properties/mlan0 Vulcan: $ -> #/components/schemas/UpdateNetworkRequest | G50: Schema: $: type="object"; required=["dhcp","macAdress","hostName","networkInterface"]; $.dhcp: type="boolean"; $.macAdress: type="string"; $.hostName: type="string"; $.networkInterface: type="object"; $.networkInterface.eth0: type="object"; $.networkInterface.mlan0: type="object" | H50: Schema: $: type="object" | I50: Starfish requires networkInterface and documents nested eth0/mlan0 setters. Its reviewer says local REST currently accepts only flat fields and nested setters are not implemented. Vulcan supports platform-specific interface payloads. | J50: Describe the existing FX9600 flat request, without requiring networkInterface. Keep Vulcan interface configuration model-specific. | K50: Schema Update | L50: Remove unreleased nested setters from the current Starfish schema/required list, after resolving exact wire spellings in F-009A. Keep future nesting separate in F-009B. | M50: Does the approved current FX9600 request contain only flat host/IP/DHCP fields, with no required networkInterface? Supply a successful current-release request and field requiredness. | N50: Not yet recorded | O50: Open | P50: Field review, source 9, Excel row 15 | Q50: =HYPERLINK("Firmware_Change_Review.md#f-009","Open F-009") -> Open F-009 | R50: Starfish network schema advertises unreleased nesting | S50: Repository schema and original reviewer statements; no live reader test supplied. Source limitation: Verify exact key spelling (hostname/hostName and macAddress) against firmware.
A51: F-009A | B51: Starfish: Why: in FX9600 its wrongly documented for localrest it does not support setting eth, mlan network interface FX9600 supports only following field in the payload hostname, ipAddress, gatewayAddress, subnetMask, dnsAddress, dhcp, macAddress Needed: yes Fix: set network in FX9600 is yet to implement for setting ETH, MLAN like Vulcan Kamali: Why: vulcan supports ethernet/wifi/bluetooth and wan. Needed: yes it is needed since hardware is different between vulcan and starfish response and payload will be different. | C51: /cloud/network | D51: PUT | E51: Starfish | F51: Starfish: $["macAdress"] -> #/components/schemas/networkconfig.v1/properties/macAdress Starfish: $["hostName"] -> #/components/schemas/networkconfig.v1/properties/hostName Vulcan: No target field declared -> #/paths/~1cloud~1network/put | G51: Schema: $.macAdress: type="string"; $.hostName: type="string" | H51: Schema: target field not declared | I51: Starfish schema uses macAdress and hostName; the reviewer writes macAddress and hostname. Changing case or correcting a spelling can break wire compatibility. | J51: Use the exact accepted wire keys for each platform and firmware. | K51: Developer Clarification | L51: Verify all three spellings against a request capture before editing the flat schema. | M51: Does FX9600 accept macAdress or macAddress, and hostName or hostname? Are legacy aliases accepted? Are MAC-address changes writable or is that field informational? | N51: Not yet recorded | O51: Open | P51: Field review, source 9, Excel row 15 | Q51: =HYPERLINK("Firmware_Change_Review.md#f-009a","Open F-009A") -> Open F-009A | R51: Network wire-key spelling | S51: Repository schema and original reviewer statements; no live reader test supplied. Source limitation: Verify exact key spelling (hostname/hostName and macAddress) against firmware.
A52: F-009B | B52: Starfish: Why: in FX9600 its wrongly documented for localrest it does not support setting eth, mlan network interface FX9600 supports only following field in the payload hostname, ipAddress, gatewayAddress, subnetMask, dnsAddress, dhcp, macAddress Needed: yes Fix: set network in FX9600 is yet to implement for setting ETH, MLAN like Vulcan Kamali: Why: vulcan supports ethernet/wifi/bluetooth and wan. Needed: yes it is needed since hardware is different between vulcan and starfish response and payload will be different. | C52: /cloud/network | D52: PUT | E52: Starfish | F52: Starfish: $["networkInterface"] -> #/components/schemas/networkconfig.v1/properties/networkInterface Starfish: $["networkInterface"]["eth0"] -> #/components/schemas/networkconfig.v1/properties/networkInterface/properties/eth0 Starfish: $["networkInterface"]["eth0"]["IPV4"] -> #/components/schemas/networkconfig.v1/properties/networkInterface/properties/eth0/properties/IPV4 Starfish: $["networkInterface"]["eth0"]["IPV6"] -> #/components/schemas/networkconfig.v1/properties/networkInterface/properties/eth0/properties/IPV6 Starfish: $["networkInterface"]["eth0"]["isEnabled"] -> #/components/schemas/networkconfig.v1/properties/networkInterface/properties/eth0/properties/isEnabled Starfish: $["networkInterface"]["mlan0"] -> #/components/schemas/networkconfig.v1/properties/networkInterface/properties/mlan0 Starfish: $["networkInterface"]["mlan0"]["IPV4"] -> #/components/schemas/networkconfig.v1/properties/networkInterface/properties/mlan0/properties/IPV4 Starfish: $["networkInterface"]["mlan0"]["IPV6"] -> #/components/schemas/networkconfig.v1/properties/networkInterface/properties/mlan0/properties/IPV6 Starfish: $["networkInterface"]["mlan0"]["isEnabled"] -> #/components/schemas/networkconfig.v1/properties/networkInterface/properties/mlan0/properties/isEnabled Vulcan: No target field declared -> #/paths/~1cloud~1network/put | G52: Schema: $.networkInterface: type="object"; $.networkInterface.eth0: type="object"; $.networkInterface.eth0.IPV4: type="object"; required=["dhcp"]; $.networkInterface.eth0.IPV6: type="object"; $.networkInterface.eth0.isEnabled: type="boolean"; $.networkInterface.mlan0: type="object"; $.networkInterface.mlan0.IPV4: type="object"; required=["dhcp"]; $.networkInterface.mlan0.IPV6: type="object"; $.networkInterface.mlan0.isEnabled: type="boolean" | H52: Schema: target field not declared | I52: The reviewer says ETH/MLAN setters like Vulcan are yet to be implemented; no approved target release or field-level requirement is supplied. Hardware differences are explicitly intentional. | J52: Treat nested interface setting as future only if approved; do not require BLE/WAN/hotspot parity. | K52: Developer Clarification | L52: Ask for the requirement/ticket and scope of eth0/mlan0 support. Define IPv4/IPv6 and enable/disable behavior before assigning firmware work. | M52: Is nested networkInterface.eth0/mlan0 configuration an approved FX9600 firmware deliverable? Which fields, validation rules and release are committed? | N52: Not yet recorded | O52: Open | P52: Field review, source 9, Excel row 15 | Q52: =HYPERLINK("Firmware_Change_Review.md#f-009b","Open F-009B") -> Open F-009B | R52: Future Starfish interface setters | S52: Repository schema and original reviewer statements; no live reader test supplied. Source limitation: Verify exact key spelling (hostname/hostName and macAddress) against firmware.
A53: F-010 | B53: Starfish: Why: FX9600 doest not accept payload for stop Needed: yes Fix: No changes required Kamali: Why: support for ble added in vulcan.so scanType field added Needed: yes this is needed | C53: /cloud/stop | D53: PUT | E53: Both | F53: Starfish: No target field declared -> #/paths/~1cloud~1stop/put Vulcan: $ -> #/components/schemas/StopInventoryRequest Vulcan: $["scanType"] -> #/components/schemas/StopInventoryRequest/properties/scanType Vulcan: $["scanType"][*] -> #/components/schemas/StopInventoryRequest/properties/scanType/items | G53: Schema: target field not declared | H53: Schema: $: type="object"; $.scanType: type="array"; minItems=1; $.scanType[]: type="string"; enum=["ble","rfid"] | I53: Starfish has no stop body. Vulcan optionally accepts scanType array with ble/rfid values and minItems 1. Both reviewer comments explain BLE as the reason. | J53: Keep bodyless FX9600 stop and the documented Vulcan scan selector. | K53: No Change Required | L53: Retain the platform-specific request contracts. Do not add BLE or scanType to FX9600 to force parity. | M53: None for this documented platform difference. | N53: Not yet recorded | O53: Resolved | P53: Field review, source 10, Excel row 16 | Q53: =HYPERLINK("Firmware_Change_Review.md#f-010","Open F-010") -> Open F-010 | R53: Intentional stop payload difference | S53: Both reviewer comments directly confirm the difference; the schemas match those comments.
A54: F-011 | B54: Starfish: Why: FX9600 has backoff policy to support resonate Needed: yes Fix: No changes required Kamali: Why: These have been added in starfish for resonate. We will be supporting this in Q3. Needed: will be supported from Q4 | C54: /cloud/apps/install | D54: PUT | E54: Both | F54: Starfish: $["verifyPeer"] -> #/paths/~1cloud~1apps~1install/put/requestBody/content/application~1json/schema/properties/verifyPeer Starfish: $["verifyHost"] -> #/paths/~1cloud~1apps~1install/put/requestBody/content/application~1json/schema/properties/verifyHost Starfish: $["headers"] -> #/paths/~1cloud~1apps~1install/put/requestBody/content/application~1json/schema/properties/headers Starfish: $["retry"] -> #/paths/~1cloud~1apps~1install/put/requestBody/content/application~1json/schema/properties/retry Starfish: $["retry"]["type"] -> #/paths/~1cloud~1apps~1install/put/requestBody/content/application~1json/schema/properties/retry/properties/type Starfish: $["retry"]["policy"] -> #/paths/~1cloud~1apps~1install/put/requestBody/content/application~1json/schema/properties/retry/properties/policy Starfish: $["retry"]["policy"]["retries"] -> #/paths/~1cloud~1apps~1install/put/requestBody/content/application~1json/schema/properties/retry/properties/policy/properties/retries Starfish: $["retry"]["policy"]["wait"] -> #/paths/~1cloud~1apps~1install/put/requestBody/content/application~1json/schema/properties/retry/properties/policy/properties/wait Starfish: $["retry"]["policy"]["wait"]["min"] -> #/paths/~1cloud~1apps~1install/put/requestBody/content/application~1json/schema/properties/retry/properties/policy/properties/wait/properties/min Starfish: $["retry"]["policy"]["wait"]["max"] -> #/paths/~1cloud~1apps~1install/put/requestBody/content/application~1json/schema/properties/retry/properties/policy/properties/wait/properties/max Starfish: $["timeouts"] -> #/paths/~1cloud~1apps~1install/put/requestBody/content/application~1json/schema/properties/timeouts Starfish: $["timeouts"]["connection"] -> #/paths/~1cloud~1apps~1install/put/requestBody/content/application~1json/schema/properties/timeouts/properties/connection Starfish: $["timeouts"]["read"] -> #/paths/~1cloud~1apps~1install/put/requestBody/content/application~1json/schema/properties/timeouts/properties/read Vulcan: $["verifyPeer"] -> #/components/schemas/SetInstalluserappRequest/properties/verifyPeer Vulcan: $["verifyHost"] -> #/components/schemas/SetInstalluserappRequest/properties/verifyHost Vulcan: $["publicKeyFileLocation"] -> #/components/schemas/SetInstalluserappRequest/properties/publicKeyFileLocation Vulcan: $["privateKeyFileLocation"] -> #/components/schemas/SetInstalluserappRequest/properties/privateKeyFileLocation Vulcan: $["installedCertificateType"] -> #/components/schemas/SetInstalluserappRequest/properties/installedCertificateType Vulcan: $["installedCertificateName"] -> #/components/schemas/SetInstalluserappRequest/properties/installedCertificateName Vulcan: $["headers"] -> #/components/schemas/SetInstalluserappRequest/properties/headers | G54: Schema: $.verifyPeer: type="boolean"; default=true; $.verifyHost: type="boolean"; default=true; $.headers: type="object"; $.retry: type="object"; $.retry.type: type="string"; enum=["randomWait"]; $.retry.policy: type="object"; $.retry.policy.retries: type="integer"; minimum=1; maximum=50; default=1; $.retry.policy.wait: type="object"; $.retry.policy.wait.min: type="integer"; minimum=0; maximum=3600; default=30; $.retry.policy.wait.max: type="integer"; minimum=1; maximum=3600; default=300; $.timeouts: type="object"; $.timeouts.connection: type="integer"; minimum=1; maximum=3600; default=60; $.timeouts.read: type="integer"; minimum=1; maximum=3600; default=600 | H54: Schema: $.verifyPeer: type="boolean"; $.verifyHost: type="boolean"; $.publicKeyFileLocation: type="string"; $.privateKeyFileLocation: type="string"; $.installedCertificateType: type="string"; $.installedCertificateName: type="string"; $.headers: type="object"; additionalProperties={"type":"string"} | I54: Starfish has retry.type=randomWait, policy.retries 1–50, wait bounds and timeouts. Vulcan omits retry/timeouts. Kamali names both Q3 and Q4 without a year or firmware version. The current Vulcan operation description explicitly says download retry/timeout settings are not supported. | J54: Publish the fields only for firmware releases that support them; determine whether current FXR behavior already supports them. | K54: Developer Clarification | L54: Resolve Q3/Q4 and capture FXR requests. If implemented, update its schema. If planned, identify firmware work and release. Also verify certificate/header differences rather than copying them wholesale. | M54: Which FXR firmware supports retry and timeouts for app installation? Is the committed release Q3 or Q4, in which year? Are the Starfish bounds/defaults identical on FXR? | N54: Not yet recorded | O54: Open | P54: Field review, source 11, Excel row 17 | Q54: =HYPERLINK("Firmware_Change_Review.md#f-011","Open F-011") -> Open F-011 | R54: Application-download retry release | S54: Repository schema and original reviewer statements; no live reader test supplied. Source limitation: Kamali gives two different release quarters.
A55: F-012 | B55: Starfish: Why: yes Needed: No changes required Kamali: Why: code supports both object and string.needs schema update Needed: needs schema update to specify either object or string | C55: /cloud/apps/{appname}/pass-through | D55: PUT | E55: Vulcan | F55: Starfish: path appname -> #/paths/~1cloud~1apps~1{appname}~1pass-through/parameters/0 Starfish: $ -> #/paths/~1cloud~1apps~1{appname}~1pass-through/put/requestBody/content/application~1json/schema Starfish: $["userapp"] -> #/paths/~1cloud~1apps~1{appname}~1pass-through/put/requestBody/content/application~1json/schema/properties/userapp Starfish: $["command"] -> #/paths/~1cloud~1apps~1{appname}~1pass-through/put/requestBody/content/application~1json/schema/properties/command Vulcan: path appname -> #/paths/~1cloud~1apps~1{appname}~1pass-through/parameters/0 Vulcan: $ -> #/components/schemas/SetReqtouserappRequest Vulcan: $["command"] -> #/components/schemas/SetReqtouserappRequest/properties/command Vulcan: $["command"]["message"] -> #/components/schemas/SetReqtouserappRequest/properties/command/properties/message Vulcan: $["userapp"] -> #/components/schemas/SetReqtouserappRequest/properties/userapp | G55: Schema: path appname; $: type="object"; required=["userapp","command"]; $.userapp: type="string"; $.command: type="string" | H55: Schema: path appname; $: type="object"; $.command: type="object"; $.command.message: type="string"; $.userapp: type="string" | I55: Starfish command is string. Vulcan schema permits only object {message}, but Kamali states its code accepts both string and object. | J55: Vulcan command should allow string or object; retain known object fields until a broader object contract is confirmed. | K55: Schema Update | L55: Use a string/object union for Vulcan command and show one example of each supported form. | M55: Is the accepted object specifically {message:string}, or any JSON object? Is REST userapp required when appname is already in the path? | N55: Not yet recorded | O55: Open | P55: Field review, source 12, Excel row 18 | Q55: =HYPERLINK("Firmware_Change_Review.md#f-012","Open F-012") -> Open F-012 | R55: Vulcan command supports string or object | S55: Repository schema and original reviewer statements; no live reader test supplied. Source limitation: Kamali’s FXR review does not explicitly establish both forms on Starfish. Object properties and REST userapp requirement still need confirmation.
A56: F-012A | B56: Starfish: Why: yes Needed: No changes required Kamali: Why: code supports both object and string.needs schema update Needed: needs schema update to specify either object or string | C56: /cloud/apps/{appname}/pass-through | D56: PUT | E56: Starfish | F56: Starfish: path appname -> #/paths/~1cloud~1apps~1{appname}~1pass-through/parameters/0 Starfish: $ -> #/paths/~1cloud~1apps~1{appname}~1pass-through/put/requestBody/content/application~1json/schema Starfish: $["userapp"] -> #/paths/~1cloud~1apps~1{appname}~1pass-through/put/requestBody/content/application~1json/schema/properties/userapp Starfish: $["command"] -> #/paths/~1cloud~1apps~1{appname}~1pass-through/put/requestBody/content/application~1json/schema/properties/command Vulcan: path appname -> #/paths/~1cloud~1apps~1{appname}~1pass-through/parameters/0 Vulcan: $ -> #/components/schemas/SetReqtouserappRequest Vulcan: $["command"] -> #/components/schemas/SetReqtouserappRequest/properties/command Vulcan: $["command"]["message"] -> #/components/schemas/SetReqtouserappRequest/properties/command/properties/message Vulcan: $["userapp"] -> #/components/schemas/SetReqtouserappRequest/properties/userapp | G56: Schema: path appname; $: type="object"; required=["userapp","command"]; $.userapp: type="string"; $.command: type="string" | H56: Schema: path appname; $: type="object"; $.command: type="object"; $.command.message: type="string"; $.userapp: type="string" | I56: Starfish only documents command:string and marks userapp/command required. Kamali’s dual-type statement is in the FXR review and does not establish Starfish object support. | J56: Retain the verified Starfish string form until object support or an explicit parity requirement is confirmed. | K56: Developer Clarification | L56: Confirm object acceptance on FX9600 before copying the Vulcan union. Record userapp requiredness and its relation to path appname. | M56: Does FX9600 accept a JSON object in command at this REST URL? If not, is adding it required, or is a string-only platform contract intentional? | N56: Not yet recorded | O56: Open | P56: Field review, source 12, Excel row 18 | Q56: =HYPERLINK("Firmware_Change_Review.md#f-012a","Open F-012A") -> Open F-012A | R56: Starfish pass-through parity decision | S56: Repository schema and original reviewer statements; no live reader test supplied. Source limitation: Kamali’s FXR review does not explicitly establish both forms on Starfish. Object properties and REST userapp requirement still need confirmation.
A57: F-013 | B57: Starfish: Why: yes Needed: FX9600 requires firmware changes to match FX90 Kamali: Why: All fields supported in starfish are supported by vulcan as well…fields like dataAck has been added in vulcan for end to end data acknowledgment.enableLocalRest is not needed .needs to be removed from schema. dataAck field needed.other fields should be same Needed: needs schema update for missing fields. | C57: /cloud/cloudConfig | D57: PUT | E57: Starfish | F57: Starfish: $["endpointConfig"] -> #/components/schemas/importCloudConfigReq/properties/endpointConfig Starfish: $["endpointConfig"]["data"]["event"]["connections"][*]["additionalOptions"] -> #/components/schemas/event.v1/properties/connections/items/properties/additionalOptions Vulcan: $["endpointConfig"] -> #/components/schemas/SetImportcloudconfigRequest/properties/endpointConfig Vulcan: $["endpointConfig"]["data"]["event"]["connections"][*]["additionalOptions"] -> #/components/schemas/SetImportcloudconfigRequest/properties/endpointConfig/properties/data/properties/event/properties/connections/items/properties/additionalOptions Vulcan: $["endpointConfig"]["data"]["event"]["connections"][*]["additionalOptions"]["dataAck"] -> #/components/schemas/SetImportcloudconfigRequest/properties/endpointConfig/properties/data/properties/event/properties/connections/items/properties/additionalOptions/properties/dataAck Vulcan: $["endpointConfig"]["data"]["event"]["connections"][*]["additionalOptions"]["dataAck"]["enable"] -> #/components/schemas/SetImportcloudconfigRequest/properties/endpointConfig/properties/data/properties/event/properties/connections/items/properties/additionalOptions/properties/dataAck/properties/enable Vulcan: $["endpointConfig"]["data"]["event"]["connections"][*]["additionalOptions"]["dataAck"]["responseTopic"] -> #/components/schemas/SetImportcloudconfigRequest/properties/endpointConfig/properties/data/properties/event/properties/connections/items/properties/additionalOptions/properties/dataAck/properties/responseTopic Vulcan: $["endpointConfig"]["data"]["event"]["connections"][*]["additionalOptions"]["dataAck"]["correlationFieldName"] -> #/components/schemas/SetImportcloudconfigRequest/properties/endpointConfig/properties/data/properties/event/properties/connections/items/properties/additionalOptions/properties/dataAck/properties/correlationFieldName | G57: Schema: $.endpointConfig: type="object"; $.endpointConfig.data.event.connections[].additionalOptions: type="object" | H57: Schema: $.endpointConfig: type="object"; $.endpointConfig.data.event.connections[].additionalOptions: type="object"; $.endpointConfig.data.event.connections[].additionalOptions.dataAck: type="object"; $.endpointConfig.data.event.connections[].additionalOptions.dataAck.enable: type="boolean"; $.endpointConfig.data.event.connections[].additionalOptions.dataAck.responseTopic: type="string"; $.endpointConfig.data.event.connections[].additionalOptions.dataAck.correlationFieldName: type="string" | I57: Starfish explicitly states "FX9600 requires firmware changes to match FX90". That confirms a general firmware need, but does not identify any approved field-level change. dataAck is a visible candidate only. | J57: Firmware scope must be defined by the Starfish owner. No specific dataAck or enableLocalRest implementation change is approved by the available comment. | K57: Firmware Change | L57: Obtain a field-by-field gap list, current/expected runtime behavior, implementation ticket and target version. Highlight endpointConfig as the confirmed review area; keep candidate leaf nodes unconfirmed. | M57: Which exact endpointConfig nodes require FX9600 code changes? Is data.event.connections[].additionalOptions.dataAck one of them, and what acknowledgement behavior, protocol support and release are required? | N57: Not yet recorded | O57: Open | P57: Field review, source 13, Excel row 19 | Q57: =HYPERLINK("Firmware_Change_Review.md#f-013","Open F-013") -> Open F-013 | R57: Starfish firmware parity statement needs a field list | S57: Explicit Starfish field-review row 13 firmware statement. Endpoint-level need is confirmed in source; exact affected leaf nodes, expected behavior and release remain unconfirmed. Source limitation: Comments concern opposite directions of compatibility; do not assume complete parity or a direct contradiction without a field-level list.
A58: F-013A | B58: Starfish: Why: yes Needed: FX9600 requires firmware changes to match FX90 Kamali: Why: All fields supported in starfish are supported by vulcan as well…fields like dataAck has been added in vulcan for end to end data acknowledgment.enableLocalRest is not needed .needs to be removed from schema. dataAck field needed.other fields should be same Needed: needs schema update for missing fields. | C58: /cloud/cloudConfig | D58: PUT | E58: Vulcan | F58: Starfish: No target field declared -> #/paths/~1cloud~1cloudConfig/put Vulcan: $["endpointConfig"]["control"]["commandResponse"]["enableLocalRest"] -> #/components/schemas/SetImportcloudconfigRequest/properties/endpointConfig/properties/control/properties/commandResponse/properties/enableLocalRest Vulcan: $["endpointConfig"]["management"]["commandResponse"]["enableLocalRest"] -> #/components/schemas/SetImportcloudconfigRequest/properties/endpointConfig/properties/management/properties/commandResponse/properties/enableLocalRest | G58: Schema: target field not declared | H58: Schema: $.endpointConfig.control.commandResponse.enableLocalRest: type="boolean"; $.endpointConfig.management.commandResponse.enableLocalRest: type="boolean" | I58: Vulcan cloudConfig exposes enableLocalRest under both control.commandResponse and management.commandResponse. Kamali explicitly says it is not needed and must be removed. The operation narrative says local REST is always enabled and not configurable, contradicting the exposed property. | J58: Remove these schema claims while retaining the existing local REST functionality and dataAck. | K58: Schema Update | L58: Delete the two enableLocalRest properties from SetImportcloudconfigRequest and related examples. Do not disable REST in firmware. | M58: Does removal apply to both commandResponse locations shown here, and how does firmware handle a supplied legacy enableLocalRest key? | N58: Not yet recorded | O58: Open | P58: Field review, source 13, Excel row 19 | Q58: =HYPERLINK("Firmware_Change_Review.md#f-013a","Open F-013A") -> Open F-013A | R58: Remove unsupported enableLocalRest from Vulcan schema | S58: Repository schema and original reviewer statements; no live reader test supplied. Source limitation: Comments concern opposite directions of compatibility; do not assume complete parity or a direct contradiction without a field-level list.
A59: F-013B | B59: Starfish: Why: yes Needed: FX9600 requires firmware changes to match FX90 Kamali: Why: All fields supported in starfish are supported by vulcan as well…fields like dataAck has been added in vulcan for end to end data acknowledgment.enableLocalRest is not needed .needs to be removed from schema. dataAck field needed.other fields should be same Needed: needs schema update for missing fields. | C59: /cloud/cloudConfig | D59: PUT | E59: Vulcan | F59: Starfish: $["endpointConfig"]["data"]["event"]["connections"][*]["options"] -> #/components/schemas/event.v1/properties/connections/items/properties/options Starfish: $["endpointConfig"]["data"]["event"]["connections"][*]["options"] -> #/components/schemas/mqtt.v1 Starfish: $["endpointConfig"]["data"]["event"]["connections"][*]["options"]["security"] -> #/components/schemas/mqttSecurity.v1 Starfish: $["endpointConfig"]["data"]["event"]["connections"][*]["options"]["basicAuthentication"] -> #/components/schemas/basicAuthentication.v1 Starfish: $["endpointConfig"]["data"]["event"]["connections"][*]["options"]["additional"] -> #/components/schemas/mqttAdditionalOptions.v1 Starfish: $["endpointConfig"]["data"]["event"]["connections"][*]["options"]["additional"]["retain"] -> #/components/schemas/mqttAdditionalOptions.v1/properties/retain Starfish: $["endpointConfig"]["data"]["event"]["connections"][*]["options"] -> #/components/schemas/aws.v1 Starfish: $["endpointConfig"]["data"]["event"]["connections"][*]["options"]["additional"] -> #/components/schemas/aws.v1/properties/additional Starfish: $["endpointConfig"]["data"]["event"]["connections"][*]["options"]["additional"]["retain"] -> #/components/schemas/aws.v1/properties/additional/properties/retain Starfish: $["endpointConfig"]["data"]["event"]["connections"][*]["options"]["additional"]["alpnProtocolNames"] -> #/components/schemas/aws.v1/properties/additional/properties/alpnProtocolNames Starfish: $["endpointConfig"]["data"]["event"]["connections"][*]["options"]["security"] -> #/components/schemas/aws.v1/properties/security Vulcan: $["endpointConfig"]["data"]["event"]["connections"][*]["options"] -> #/components/schemas/SetImportcloudconfigRequest/properties/endpointConfig/properties/data/properties/event/properties/connections/items/properties/options Vulcan: $["endpointConfig"]["data"]["event"]["connections"][*]["options"]["additional"] -> #/components/schemas/SetImportcloudconfigRequest/properties/endpointConfig/properties/data/properties/event/properties/connections/items/properties/options/properties/additional Vulcan: $["endpointConfig"]["data"]["event"]["connections"][*]["options"]["security"] -> #/components/schemas/SetImportcloudconfigRequest/properties/endpointConfig/properties/data/properties/event/properties/connections/items/properties/options/properties/security | G59: Schema: $.endpointConfig.data.event.connections[].options: type/constraints not specified here; $.endpointConfig.data.event.connections[].options/anyOf[0]: type="object"; required=["endpoint","enableSecurity","additional","publishTopic"]; $.endpointConfig.data.event.connections[].options/anyOf[0].security: type="object"; required=["keyFormat","keyAlgorithm","CACertificateFileLocation","publicKeyFileLocation","privateKeyFileLocation","verifyHostName","verifyPeer","installedCertificateName","installedCertificateType"]; $.endpointConfig.data.event.connections[].options/anyOf[0].basicAuthentication: type="object"; required=["username","password"]; full field types and constraints in the linked walkthrough. | H59: Schema: $.endpointConfig.data.event.connections[].options: type="object"; $.endpointConfig.data.event.connections[].options.additional: type="object"; $.endpointConfig.data.event.connections[].options.security: type="object" | I59: Starfish uses protocol-specific options branches including basicAuthentication, additional.retain and AWS additional.alpnProtocolNames. Vulcan has a flatter options schema that omits those named fields. Kamali says Starfish-supported fields are already supported on Vulcan. | J59: Correct Vulcan schemas to expose the implemented protocol-specific options; preserve dataAck as an additional Vulcan feature. | K59: Schema Update | L59: Add supported authentication/additional/security variants to the appropriate Vulcan connection schemas after confirming exact object nesting and protocol applicability. Do not copy all Starfish required flags blindly. | M59: For MQTT, HTTP, TCP/IP, WebSocket, Azure and AWS connections, which Starfish option branches are accepted unchanged on FXR? Confirm basicAuthentication, additional.retain, additional.alpnProtocolNames and security requiredness. | N59: Not yet recorded | O59: Open | P59: Field review, source 13, Excel row 19 | Q59: =HYPERLINK("Firmware_Change_Review.md#f-013b","Open F-013B") -> Open F-013B | R59: Missing supported connection option fields | S59: Repository schema and original reviewer statements; no live reader test supplied. Source limitation: Comments concern opposite directions of compatibility; do not assume complete parity or a direct contradiction without a field-level list.
A60: F-014 | B60: Starfish: Why: yes Needed: No changes required Kamali: Why: All fields supported in starfish are supported by vulcan as well…fields like dataAck has been added in vulcan for end to end data acknowledgment.enableLocalRest is not needed .needs to be removed from schema. dataAck field needed.other fields should be same Needed: needs schema update for fields like xml,GPIO LED ,enableLocalRest | C60: /cloud/config | D60: GET | E60: Vulcan | F60: Starfish: $["xml"] -> #/components/schemas/readerConfigResponse/properties/xml Vulcan: $["xml"] -> #/components/schemas/GetConfigResponse/properties/xml | G60: Schema: $.xml: type="string" | H60: Schema: $.xml: type="string" | I60: Both current GET /cloud/config schemas include top-level xml:string. The earlier missing-xml comment is stale. | J60: Retain the present xml field; no duplicate addition is needed. | K60: No Change Required | L60: Close the xml-presence subfinding only. Other config branches remain open below. | M60: None for xml presence. | N60: Not yet recorded | O60: Resolved | P60: Field review, source 14, Excel row 20 | Q60: =HYPERLINK("Firmware_Change_Review.md#f-014","Open F-014") -> Open F-014 | R60: Config xml field is already present | S60: Kamali says xml is supported; both current schema properties contain xml:string. Source limitation: Starfish’s no-change comment is not evidence that the FXR schema is complete.
A61: F-014A | B61: Starfish: Why: yes Needed: No changes required Kamali: Why: All fields supported in starfish are supported by vulcan as well…fields like dataAck has been added in vulcan for end to end data acknowledgment.enableLocalRest is not needed .needs to be removed from schema. dataAck field needed.other fields should be same Needed: needs schema update for fields like xml,GPIO LED ,enableLocalRest | C61: /cloud/config | D61: GET | E61: Vulcan | F61: Starfish: $["GPIO-LED"] -> #/components/schemas/readerConfigResponse/properties/GPIO-LED Starfish: $["GPIO-LED"]["GPIDebounce"] -> #/components/schemas/readerConfigResponse/properties/GPIO-LED/properties/GPIDebounce Starfish: $["GPIO-LED"]["GPIDebounce"]["1"] -> #/components/schemas/readerConfigResponse/properties/GPIO-LED/properties/GPIDebounce/properties/1 Starfish: $["GPIO-LED"]["GPIDebounce"]["2"] -> #/components/schemas/readerConfigResponse/properties/GPIO-LED/properties/GPIDebounce/properties/2 Starfish: $["GPIO-LED"]["GPIDebounce"]["3"] -> #/components/schemas/readerConfigResponse/properties/GPIO-LED/properties/GPIDebounce/properties/3 Starfish: $["GPIO-LED"]["GPIDebounce"]["4"] -> #/components/schemas/readerConfigResponse/properties/GPIO-LED/properties/GPIDebounce/properties/4 Vulcan: $["GPIO-LED"] -> #/components/schemas/GetConfigResponse/properties/GPIO-LED Vulcan: $["GPIO-LED"] -> #/components/schemas/GPIOLEDConfig.v1 | G61: Schema: $.GPIO-LED: type="object"; $.GPIO-LED.GPIDebounce: type="object"; $.GPIO-LED.GPIDebounce.1: type="number"; minimum=0; default=50; $.GPIO-LED.GPIDebounce.2: type="number"; minimum=0; default=50; $.GPIO-LED.GPIDebounce.3: type="number"; minimum=0; default=50; $.GPIO-LED.GPIDebounce.4: type="number"; minimum=0; default=50 | H61: Schema: $.GPIO-LED: type/constraints not specified here; $.GPIO-LED/anyOf[1]: type="object" | I61: Starfish GPIO-LED includes GPIDebounce for ports 1–4 with number, minimum 0 and default 50. Vulcan’s shared GPIOLEDConfig.v1 has action mappings and defaults but no GPIDebounce. | J61: Represent existing supported debounce configuration on FXR per Kamali’s all-fields-supported statement; confirm exact numeric range and model applicability. | K61: Schema Update | L61: Add the confirmed GPIDebounce branch to GPIOLEDConfig.v1 and verify both GET and PUT references. Do not add already-present GPIO action mappings again. | M61: Does FXR60 and FXR90 use GPIO-LED.GPIDebounce keys 1–4 in milliseconds with minimum 0/default 50? Are values integers, and what is the maximum? | N61: Not yet recorded | O61: Open | P61: Field review, source 14, Excel row 20 | Q61: =HYPERLINK("Firmware_Change_Review.md#f-014a","Open F-014A") -> Open F-014A | R61: GPIO debounce missing from Vulcan config | S61: Repository schema and original reviewer statements; no live reader test supplied. Source limitation: Starfish’s no-change comment is not evidence that the FXR schema is complete.
A62: F-014B | B62: Starfish: Why: yes Needed: No changes required Kamali: Why: All fields supported in starfish are supported by vulcan as well…fields like dataAck has been added in vulcan for end to end data acknowledgment.enableLocalRest is not needed .needs to be removed from schema. dataAck field needed.other fields should be same Needed: needs schema update for fields like xml,GPIO LED ,enableLocalRest | C62: /cloud/config | D62: GET | E62: Vulcan | F62: Starfish: No target field declared -> #/paths/~1cloud~1config/get Vulcan: $["READER-GATEWAY"]["endpointConfig"]["data"]["event"]["connections"][*]["additionalOptions"]["dataAck"] -> #/components/schemas/GetConfigResponse/properties/READER-GATEWAY/properties/endpointConfig/properties/data/properties/event/properties/connections/items/properties/additionalOptions/properties/dataAck Vulcan: $["READER-GATEWAY"]["endpointConfig"]["management"]["commandResponse"]["enableLocalRest"] -> #/components/schemas/GetConfigResponse/properties/READER-GATEWAY/properties/endpointConfig/properties/management/properties/commandResponse/properties/enableLocalRest Vulcan: $["READER-GATEWAY"]["endpointConfig"]["management"]["event"]["connections"][*]["additionalOptions"]["dataAck"] -> #/components/schemas/GetConfigResponse/properties/READER-GATEWAY/properties/endpointConfig/properties/management/properties/event/properties/connections/items/properties/additionalOptions/properties/dataAck | G62: Schema: target field not declared | H62: Schema: $.READER-GATEWAY.endpointConfig.data.event.connections[].additionalOptions.dataAck: type="object"; $.READER-GATEWAY.endpointConfig.management.commandResponse.enableLocalRest: type="boolean"; $.READER-GATEWAY.endpointConfig.management.event.connections[].additionalOptions.dataAck: type="object" | I62: GET config still defines READER-GATEWAY.endpointConfig.management.commandResponse.enableLocalRest. Kamali says to remove enableLocalRest and retain dataAck. | J62: Remove the unsupported enableLocalRest response claim; keep the supported dataAck branches. | K62: Schema Update | L62: Remove that property from GetConfigResponse and align its example. Coordinate with F-013A for the setter schema. | M62: Is enableLocalRest absent from actual GET /cloud/config responses on all target FXR releases? Identify any legacy release that still returns it. | N62: Not yet recorded | O62: Open | P62: Field review, source 14, Excel row 20 | Q62: =HYPERLINK("Firmware_Change_Review.md#f-014b","Open F-014B") -> Open F-014B | R62: Config response enableLocalRest | S62: Repository schema and original reviewer statements; no live reader test supplied. Source limitation: Starfish’s no-change comment is not evidence that the FXR schema is complete.
A63: F-014C | B63: Starfish: Why: yes Needed: No changes required Kamali: Why: All fields supported in starfish are supported by vulcan as well…fields like dataAck has been added in vulcan for end to end data acknowledgment.enableLocalRest is not needed .needs to be removed from schema. dataAck field needed.other fields should be same Needed: needs schema update for fields like xml,GPIO LED ,enableLocalRest | C63: /cloud/config | D63: GET | E63: Vulcan | F63: Starfish: $["READER-GATEWAY"]["endpointConfig"]["data"]["event"]["connections"][*]["options"] -> #/components/schemas/event.v1/properties/connections/items/properties/options Starfish: $["READER-GATEWAY"]["endpointConfig"]["data"]["event"]["connections"][*]["options"] -> #/components/schemas/mqtt.v1 Starfish: $["READER-GATEWAY"]["endpointConfig"]["data"]["event"]["connections"][*]["options"]["security"] -> #/components/schemas/mqttSecurity.v1 Starfish: $["READER-GATEWAY"]["endpointConfig"]["data"]["event"]["connections"][*]["options"]["basicAuthentication"] -> #/components/schemas/basicAuthentication.v1 Starfish: $["READER-GATEWAY"]["endpointConfig"]["data"]["event"]["connections"][*]["options"]["additional"] -> #/components/schemas/mqttAdditionalOptions.v1 Starfish: $["READER-GATEWAY"]["endpointConfig"]["data"]["event"]["connections"][*]["options"]["additional"]["retain"] -> #/components/schemas/mqttAdditionalOptions.v1/properties/retain Starfish: $["READER-GATEWAY"]["endpointConfig"]["data"]["event"]["connections"][*]["options"] -> #/components/schemas/aws.v1 Starfish: $["READER-GATEWAY"]["endpointConfig"]["data"]["event"]["connections"][*]["options"]["additional"] -> #/components/schemas/aws.v1/properties/additional Starfish: $["READER-GATEWAY"]["endpointConfig"]["data"]["event"]["connections"][*]["options"]["additional"]["retain"] -> #/components/schemas/aws.v1/properties/additional/properties/retain Starfish: $["READER-GATEWAY"]["endpointConfig"]["data"]["event"]["connections"][*]["options"]["additional"]["alpnProtocolNames"] -> #/components/schemas/aws.v1/properties/additional/properties/alpnProtocolNames Starfish: $["READER-GATEWAY"]["endpointConfig"]["data"]["event"]["connections"][*]["options"]["security"] -> #/components/schemas/aws.v1/properties/security Vulcan: $["READER-GATEWAY"]["endpointConfig"]["data"]["event"]["connections"][*]["options"] -> #/components/schemas/GetConfigResponse/properties/READER-GATEWAY/properties/endpointConfig/properties/data/properties/event/properties/connections/items/properties/options Vulcan: $["READER-GATEWAY"]["endpointConfig"]["data"]["event"]["connections"][*]["options"]["additional"] -> #/components/schemas/GetConfigResponse/properties/READER-GATEWAY/properties/endpointConfig/properties/data/properties/event/properties/connections/items/properties/options/properties/additional Vulcan: $["READER-GATEWAY"]["endpointConfig"]["data"]["event"]["connections"][*]["options"]["security"] -> #/components/schemas/GetConfigResponse/properties/READER-GATEWAY/properties/endpointConfig/properties/data/properties/event/properties/connections/items/properties/options/properties/security | G63: Schema: $.READER-GATEWAY.endpointConfig.data.event.connections[].options: type/constraints not specified here; $.READER-GATEWAY.endpointConfig.data.event.connections[].options/anyOf[0]: type="object"; required=["endpoint","enableSecurity","additional","publishTopic"]; $.READER-GATEWAY.endpointConfig.data.event.connections[].options/anyOf[0].security: type="object"; required=["keyFormat","keyAlgorithm","CACertificateFileLocation","publicKeyFileLocation","privateKeyFileLocation","verifyHostName","verifyPeer","installedCertificateName","installedCertificateType"]; full field types and constraints in the linked walkthrough. | H63: Schema: $.READER-GATEWAY.endpointConfig.data.event.connections[].options: type="object"; $.READER-GATEWAY.endpointConfig.data.event.connections[].options.additional: type="object"; $.READER-GATEWAY.endpointConfig.data.event.connections[].options.security: type="object" | I63: GET config repeats Starfish’s protocol-specific connection options under READER-GATEWAY. Vulcan’s response lacks several named authentication/additional option fields, although Kamali reports support. | J63: Expose the actual returned protocol-specific settings consistently with cloudConfig. | K63: Schema Update | L63: Align GetConfigResponse connection options with the confirmed setting schemas; verify redaction of password/certificate content independently. | M63: Which basicAuthentication, retain, ALPN and security values are returned, omitted or redacted by FXR GET /cloud/config? Do the data/control/management channels use the same shapes? | N63: Not yet recorded | O63: Open | P63: Field review, source 14, Excel row 20 | Q63: =HYPERLINK("Firmware_Change_Review.md#f-014c","Open F-014C") -> Open F-014C | R63: Config response connection options | S63: Repository schema and original reviewer statements; no live reader test supplied. Source limitation: Starfish’s no-change comment is not evidence that the FXR schema is complete.
A64: F-015 | B64: Starfish: Why: yes Needed: No changes required Kamali: Why: All fields supported in starfish are supported in vulcan..may need schema update. Needed: may need schema update | C64: /cloud/config | D64: PUT | E64: Both | F64: Starfish: $["xml"] -> #/components/schemas/readerConfig/properties/xml Starfish: $["GPIO-LED"] -> #/components/schemas/readerConfig/properties/GPIO-LED Starfish: $["GPIO-LED"]["GPI_1_H"] -> #/components/schemas/readerConfig/properties/GPIO-LED/properties/GPI_1_H Starfish: $["GPIO-LED"]["GPI_1_L"] -> #/components/schemas/readerConfig/properties/GPIO-LED/properties/GPI_1_L Starfish: $["GPIO-LED"]["GPI_2_H"] -> #/components/schemas/readerConfig/properties/GPIO-LED/properties/GPI_2_H Starfish: $["GPIO-LED"]["GPI_2_L"] -> #/components/schemas/readerConfig/properties/GPIO-LED/properties/GPI_2_L Vulcan: $["xml"] -> #/components/schemas/SetConfigMqttRequest/properties/xml Vulcan: $["GPIO-LED"] -> #/components/schemas/GPIOLEDConfig.v1 Vulcan: $["GPIO-LED"]["GPI_1_H"] -> #/components/schemas/gpoledAction.v1 Vulcan: $["GPIO-LED"]["GPI_1_L"] -> #/components/schemas/gpoledAction.v1 Vulcan: $["GPIO-LED"]["GPI_2_H"] -> #/components/schemas/gpoledAction.v1 Vulcan: $["GPIO-LED"]["GPI_2_L"] -> #/components/schemas/gpoledAction.v1 | G64: Schema: $.xml: type="string"; $.GPIO-LED: type="object"; $.GPIO-LED.GPI_1_H: type="array"; $.GPIO-LED.GPI_1_L: type="array"; $.GPIO-LED.GPI_2_H: type="array"; $.GPIO-LED.GPI_2_L: type="array" | H64: Schema: $.xml: type="string"; $.GPIO-LED: type="object"; $.GPIO-LED.GPI_1_H: type="array"; $.GPIO-LED.GPI_1_L: type="array"; $.GPIO-LED.GPI_2_H: type="array"; $.GPIO-LED.GPI_2_L: type="array" | I64: Both current PUT schemas contain xml. Neither GPIO-LED action map defines GPI_3_H/L or GPI_4_H/L in this snapshot. Four physical GPI pins do not establish support for those event names. | J64: Retain xml. Establish the exact supported trigger keys per model before adding GPI 3/4 mappings. | K64: Developer Clarification | L64: Ask for accepted configuration payloads for GPI 3/4 triggers. If supported, update schemas. If absent and required, define a firmware feature; otherwise document the restriction. | M64: Are GPIO-LED.GPI_3_H, GPI_3_L, GPI_4_H and GPI_4_L accepted on FX9600, FXR60 and FXR90? The source’s FXR-only claim is not reflected in either current action map. | N64: Not yet recorded | O64: Open | P64: Field review, source 15, Excel row 21 | Q64: =HYPERLINK("Firmware_Change_Review.md#f-015","Open F-015") -> Open F-015 | R64: Config request xml and claimed GPI 3/4 events | S64: Repository schema and original reviewer statements; no live reader test supplied. Source limitation: The reviews say FX9600 has four GPI ports; port count alone does not confirm each event name.
A65: F-015A | B65: Starfish: Why: yes Needed: No changes required Kamali: Why: All fields supported in starfish are supported in vulcan..may need schema update. Needed: may need schema update | C65: /cloud/config | D65: PUT | E65: Vulcan | F65: Starfish: $["GPIO-LED"] -> #/components/schemas/readerConfig/properties/GPIO-LED Starfish: $["GPIO-LED"]["GPIDebounce"] -> #/components/schemas/readerConfig/properties/GPIO-LED/properties/GPIDebounce Starfish: $["GPIO-LED"]["GPIDebounce"]["1"] -> #/components/schemas/readerConfig/properties/GPIO-LED/properties/GPIDebounce/properties/1 Starfish: $["GPIO-LED"]["GPIDebounce"]["2"] -> #/components/schemas/readerConfig/properties/GPIO-LED/properties/GPIDebounce/properties/2 Starfish: $["GPIO-LED"]["GPIDebounce"]["3"] -> #/components/schemas/readerConfig/properties/GPIO-LED/properties/GPIDebounce/properties/3 Starfish: $["GPIO-LED"]["GPIDebounce"]["4"] -> #/components/schemas/readerConfig/properties/GPIO-LED/properties/GPIDebounce/properties/4 Vulcan: $["GPIO-LED"] -> #/components/schemas/GPIOLEDConfig.v1 | G65: Schema: $.GPIO-LED: type="object"; $.GPIO-LED.GPIDebounce: type="object"; $.GPIO-LED.GPIDebounce.1: type="number"; minimum=0; default=50; $.GPIO-LED.GPIDebounce.2: type="number"; minimum=0; default=50; $.GPIO-LED.GPIDebounce.3: type="number"; minimum=0; default=50; $.GPIO-LED.GPIDebounce.4: type="number"; minimum=0; default=50 | H65: Schema: $.GPIO-LED: type="object" | I65: Starfish GPIO-LED includes GPIDebounce for ports 1–4 with number, minimum 0 and default 50. Vulcan’s shared GPIOLEDConfig.v1 has action mappings and defaults but no GPIDebounce. | J65: Represent existing supported debounce configuration on FXR per Kamali’s all-fields-supported statement; confirm exact numeric range and model applicability. | K65: Schema Update | L65: Add the confirmed GPIDebounce branch to GPIOLEDConfig.v1 and verify both GET and PUT references. Do not add already-present GPIO action mappings again. | M65: Does FXR60 and FXR90 use GPIO-LED.GPIDebounce keys 1–4 in milliseconds with minimum 0/default 50? Are values integers, and what is the maximum? | N65: Not yet recorded | O65: Open | P65: Field review, source 15, Excel row 21 | Q65: =HYPERLINK("Firmware_Change_Review.md#f-015a","Open F-015A") -> Open F-015A | R65: GPIO debounce missing from Vulcan config | S65: Repository schema and original reviewer statements; no live reader test supplied. Source limitation: The reviews say FX9600 has four GPI ports; port count alone does not confirm each event name.
A66: F-015B | B66: Starfish: Why: yes Needed: No changes required Kamali: Why: All fields supported in starfish are supported in vulcan..may need schema update. Needed: may need schema update | C66: /cloud/config | D66: PUT | E66: Vulcan | F66: Starfish: $["READER-GATEWAY"]["endpointConfig"]["data"]["event"]["connections"][*]["options"] -> #/components/schemas/event.v1/properties/connections/items/properties/options Starfish: $["READER-GATEWAY"]["endpointConfig"]["data"]["event"]["connections"][*]["options"] -> #/components/schemas/mqtt.v1 Starfish: $["READER-GATEWAY"]["endpointConfig"]["data"]["event"]["connections"][*]["options"]["security"] -> #/components/schemas/mqttSecurity.v1 Starfish: $["READER-GATEWAY"]["endpointConfig"]["data"]["event"]["connections"][*]["options"]["basicAuthentication"] -> #/components/schemas/basicAuthentication.v1 Starfish: $["READER-GATEWAY"]["endpointConfig"]["data"]["event"]["connections"][*]["options"]["additional"] -> #/components/schemas/mqttAdditionalOptions.v1 Starfish: $["READER-GATEWAY"]["endpointConfig"]["data"]["event"]["connections"][*]["options"]["additional"]["retain"] -> #/components/schemas/mqttAdditionalOptions.v1/properties/retain Starfish: $["READER-GATEWAY"]["endpointConfig"]["data"]["event"]["connections"][*]["options"] -> #/components/schemas/aws.v1 Starfish: $["READER-GATEWAY"]["endpointConfig"]["data"]["event"]["connections"][*]["options"]["additional"] -> #/components/schemas/aws.v1/properties/additional Starfish: $["READER-GATEWAY"]["endpointConfig"]["data"]["event"]["connections"][*]["options"]["additional"]["retain"] -> #/components/schemas/aws.v1/properties/additional/properties/retain Starfish: $["READER-GATEWAY"]["endpointConfig"]["data"]["event"]["connections"][*]["options"]["additional"]["alpnProtocolNames"] -> #/components/schemas/aws.v1/properties/additional/properties/alpnProtocolNames Starfish: $["READER-GATEWAY"]["endpointConfig"]["data"]["event"]["connections"][*]["options"]["security"] -> #/components/schemas/aws.v1/properties/security Vulcan: $["READER-GATEWAY"]["endpointConfig"]["data"]["event"]["connections"][*]["options"] -> #/components/schemas/SetConfigMqttRequest/properties/READER-GATEWAY/properties/endpointConfig/properties/data/properties/event/properties/connections/items/properties/options Vulcan: $["READER-GATEWAY"]["endpointConfig"]["data"]["event"]["connections"][*]["options"]["additional"] -> #/components/schemas/SetConfigMqttRequest/properties/READER-GATEWAY/properties/endpointConfig/properties/data/properties/event/properties/connections/items/properties/options/properties/additional Vulcan: $["READER-GATEWAY"]["endpointConfig"]["data"]["event"]["connections"][*]["options"]["security"] -> #/components/schemas/SetConfigMqttRequest/properties/READER-GATEWAY/properties/endpointConfig/properties/data/properties/event/properties/connections/items/properties/options/properties/security | G66: Schema: $.READER-GATEWAY.endpointConfig.data.event.connections[].options: type/constraints not specified here; $.READER-GATEWAY.endpointConfig.data.event.connections[].options/anyOf[0]: type="object"; required=["endpoint","enableSecurity","additional","publishTopic"]; $.READER-GATEWAY.endpointConfig.data.event.connections[].options/anyOf[0].security: type="object"; required=["keyFormat","keyAlgorithm","CACertificateFileLocation","publicKeyFileLocation","privateKeyFileLocation","verifyHostName","verifyPeer","installedCertificateName","installedCertificateType"]; full field types and constraints in the linked walkthrough. | H66: Schema: $.READER-GATEWAY.endpointConfig.data.event.connections[].options: type="object"; $.READER-GATEWAY.endpointConfig.data.event.connections[].options.additional: type="object"; $.READER-GATEWAY.endpointConfig.data.event.connections[].options.security: type="object" | I66: PUT config embeds the cloud connection contract under READER-GATEWAY. Vulcan omits named protocol-specific Starfish options despite Kamali reporting support. | J66: Use the implemented connection option shapes across import/config surfaces. | K66: Schema Update | L66: Add the confirmed supported options to SetConfigMqttRequest as used by this REST endpoint. A schema name containing Mqtt does not by itself prove a firmware difference. | M66: Are all Starfish MQTT/HTTP/TCPIP/WebSocket/Azure/AWS option branches supported inside FXR PUT /cloud/config, with the same nesting and requiredness as cloudConfig? | N66: Not yet recorded | O66: Open | P66: Field review, source 15, Excel row 21 | Q66: =HYPERLINK("Firmware_Change_Review.md#f-015b","Open F-015B") -> Open F-015B | R66: Config request connection options | S66: Repository schema and original reviewer statements; no live reader test supplied. Source limitation: The reviews say FX9600 has four GPI ports; port count alone does not confirm each event name.
A67: F-016 | B67: Starfish: Why: response is same FX90 Needed: yes Fix: No changes required Kamali: Why: due to hardware difference.fxr90 has 4 gpi pins,fx7500 has only 2.fx9600 has 4 Needed: The difference is due to hardware .schema may need to be upd | C67: /cloud/gpi | D67: GET | E67: Starfish | F67: Starfish: $ -> #/paths/~1cloud~1gpi/get/responses/200/content/application~1json/schema Starfish: $["1"] -> #/paths/~1cloud~1gpi/get/responses/200/content/application~1json/schema/properties/1 Starfish: $["2"] -> #/paths/~1cloud~1gpi/get/responses/200/content/application~1json/schema/properties/2 Starfish: $["3"] -> #/paths/~1cloud~1gpi/get/responses/200/content/application~1json/schema/properties/3 Vulcan: $ -> #/components/schemas/GetGPIStatusResponse Vulcan: $["1"] -> #/components/schemas/GetGPIStatusResponse/properties/1 Vulcan: $["2"] -> #/components/schemas/GetGPIStatusResponse/properties/2 Vulcan: $["3"] -> #/components/schemas/GetGPIStatusResponse/properties/3 Vulcan: $["4"] -> #/components/schemas/GetGPIStatusResponse/properties/4 | G67: Schema: $: type="object"; required=["1","2"]; $.1: type="string"; enum=["HIGH","LOW"]; $.2: type="string"; enum=["LOW","HIGH"]; $.3: type="string"; enum=["HIGH","LOW"] | H67: Schema: $: type="object"; required=["1","2","3","4"]; $.1: type="string"; enum=["HIGH","LOW"]; $.2: type="string"; enum=["HIGH","LOW"]; $.3: type="string"; enum=["HIGH","LOW"]; $.4: type="string"; enum=["HIGH","LOW"] | I67: Starfish GET gpi defines keys 1,2,3 and requires only 1,2, while its description says FX9600 has four GPIs. Vulcan defines/requires 1–4. Both comments agree FX9600/FXR90 have four. | J67: The FX9600-specific response must represent all four reported pins; do not apply FX7500’s two-pin model to FX9600. | K67: Schema Update | L67: Add key 4 to the FX9600 response branch and use model-specific requiredness. Obtain the truncated remainder and confirm FXR60 port applicability before closing. | M67: Provide complete Kamali row 16 and a GET gpi response for FX9600 and FXR60. Are all four keys always returned, and does pin 4 use HIGH/LOW? | N67: Not yet recorded | O67: Open | P67: Field review, source 16, Excel row 22 | Q67: =HYPERLINK("Firmware_Change_Review.md#f-016","Open F-016") -> Open F-016 | R67: Missing fourth Starfish GPI field | S67: Repository schema and original reviewer statements; no live reader test supplied. Source limitation: Both comments align for FXR90/FX9600. FX7500’s two ports must not be applied to FX9600.
A68: F-017 | B68: Starfish: Why: document is matching firmware Needed: yes Fix: No changes required Kamali: Not provided in the pasted Kamali review. | C68: /cloud/mode | D68: GET | E68: Both | F68: Starfish: $["type"] -> #/components/schemas/operatingMode.v1/properties/type Starfish: $["accesses"][*]["config"]["wordCount"] -> #/components/schemas/access_cmd_read.v1/properties/config/properties/wordCount Starfish: $["accesses"][*][*]["config"]["wordCount"] -> #/components/schemas/access_cmd_read.v1/properties/config/properties/wordCount Starfish: $["beams"] -> #/components/schemas/operatingMode.v1/properties/beams Vulcan: $["type"] -> #/components/schemas/operatingMode.v1/properties/type Vulcan: $["inventoryProtocol"] -> #/components/schemas/inventoryProtocol.v1 Vulcan: $["inventoryProtocol"]["mode"] -> #/components/schemas/inventoryProtocol.v1/properties/mode Vulcan: $["accesses"][*]["config"]["wordCount"] -> #/components/schemas/access_cmd_read.v1/properties/config/properties/wordCount Vulcan: $["accesses"][*][*]["config"]["wordCount"] -> #/components/schemas/access_cmd_read.v1/properties/config/properties/wordCount | G68: Schema: $.type: type="string"; enum=["SIMPLE","INVENTORY","PORTAL","CONVEYOR","CUSTOM","DIRECTIONALITY"]; default="SIMPLE"; $.accesses/oneOf[0][]/anyOf[0].config.wordCount: type="integer"; $.accesses/oneOf[1][][]/anyOf[0].config.wordCount: type="integer"; $.beams: type="array" | H68: Schema: $.type: type="string"; enum=["SIMPLE","INVENTORY","PORTAL","CONVEYOR","CUSTOM"]; default="SIMPLE"; $.inventoryProtocol: type="object"; required=["mode"]; $.inventoryProtocol.mode: type="string"; enum=["GEN2X","GEN2","HYBRID"]; $.accesses/oneOf[0][]/anyOf[0].config.wordCount: type="integer"; $.accesses/oneOf[1][][]/anyOf[0].config.wordCount: type="integer" | I68: Starfish’s multi-model schema includes DIRECTIONALITY and beams; its beams description restricts them to ATR7000. Vulcan omits those but defines inventoryProtocol.mode GEN2X/GEN2/HYBRID. Both current READ branches use wordCount, not wordCounter. | J68: Document ATR7000-only fields separately; establish FX9600 versus FXR inventoryProtocol support. Do not rename already-matching wordCount. | K68: Developer Clarification | L68: Obtain missing Kamali review and method-specific samples. For PUT, the Starfish comment discusses responses and is not a request-support confirmation. | M68: For GET responses, does FX9600 support inventoryProtocol, and is DIRECTIONALITY/beams excluded from FX9600 as the ATR7000 note implies? Is wordCount the wire name on both target releases? | N68: Not yet recorded | O68: Open | P68: Field review, source 17, Excel row 23 | Q68: =HYPERLINK("Firmware_Change_Review.md#f-017","Open F-017") -> Open F-017 | R68: Mode model applicability and inventory protocol | S68: Repository schema and original reviewer statements; no live reader test supplied. Source limitation: Starfish’s firmware-match statement does not prove platform parity.
A69: F-017A | B69: Starfish: Why: document is matching firmware Needed: yes Fix: No changes required Kamali: Not provided in the pasted Kamali review. | C69: /cloud/mode | D69: GET | E69: Both | F69: Starfish: $["tagMetaData"] -> #/components/schemas/tagMetaData.v1 Starfish: $["tagMetaData"][*] -> #/components/schemas/tagMetaData.v1/items Starfish: $["tagMetaData"][*]["userDefined"] -> #/components/schemas/tagMetaData.v1/items/properties/userDefined Starfish: $["tagMetaData"][*]["antennaPortNames"] -> #/components/schemas/tagMetaData.v1/items/properties/antennaPortNames Vulcan: $["tagMetaData"] -> #/components/schemas/tagMetaData.v1 Vulcan: $["tagMetaData"][*] -> #/components/schemas/tagMetaData.v1/items Vulcan: $["tagMetaData"][*] -> #/components/schemas/tagMetaData.v1/items/oneOf/0 Vulcan: $["tagMetaData"][*] -> #/components/schemas/tagMetaData.v1/items/oneOf/1 Vulcan: $["tagMetaData"][*]["userDefined"] -> #/components/schemas/tagMetaData.v1/items/oneOf/1/properties/userDefined Vulcan: $["tagMetaData"][*]["antennaNames"] -> #/components/schemas/tagMetaData.v1/items/oneOf/1/properties/antennaNames Vulcan: $["tagMetaData"][*]["gpsCoordinates"] -> #/components/schemas/tagMetaData.v1/items/oneOf/1/properties/gpsCoordinates | G69: Schema: $.tagMetaData: type="array"; $.tagMetaData[]: type=["string","object"]; enum=["RSSI","PHASE","SEEN_COUNT","ANTENNA","CHANNEL","PC","XPC","CRC","EPC","TID","USER","RESERVED","MAC","HOSTNAME"]; $.tagMetaData[].userDefined: type="string"; $.tagMetaData[].antennaPortNames: type="array" | H69: Schema: $.tagMetaData: type="array"; $.tagMetaData[]: type/constraints not specified here; $.tagMetaData[]/oneOf[0]: type="string"; enum=["RSSI","PHASE","SEEN_COUNT","ANTENNA","CHANNEL","PC","XPC","CRC","EPC","TID","USER","MAC","HOSTNAME","READERLOCATION"]; $.tagMetaData[]/oneOf[1]: type="object"; $.tagMetaData[]/oneOf[1].userDefined: type="string"; $.tagMetaData[]/oneOf[1].antennaNames: type="array"; $.tagMetaData[]/oneOf[1].gpsCoordinates: type="object" | I69: Starfish tagMetaData items combine type [string,object] with an enum of strings, including RESERVED, and object antennaPortNames. Vulcan uses oneOf string/object, omits RESERVED, adds READERLOCATION and antennaNames/gpsCoordinates. The Starfish enum may exclude its documented object form. | J69: Use the exact accepted values and object keys for each platform, with a schema that permits the implemented object form. | K69: Developer Clarification | L69: Verify metadata tokens and object inputs/outputs. Correct schema modeling if already supported; request firmware parity only for an approved missing capability. | M69: Which tokens and object keys are accepted/returned on each model: RESERVED, READERLOCATION, antennaPortNames, antennaNames and gpsCoordinates? Does Starfish accept metadata objects despite its string enum? Supply a method-specific example. | N69: Not yet recorded | O69: Open | P69: Field review, source 17, Excel row 23 | Q69: =HYPERLINK("Firmware_Change_Review.md#f-017a","Open F-017A") -> Open F-017A | R69: Mode tag metadata names and representation | S69: Repository schema and original reviewer statements; no live reader test supplied. Source limitation: Starfish’s firmware-match statement does not prove platform parity.
A70: F-018 | B70: Starfish: Why: response of FX9600 is same as FX90 but ATR7000 has Directionality mode to support portal directionality Needed: yes Fix: No changes required Kamali: Not provided in the pasted Kamali review. | C70: /cloud/mode | D70: PUT | E70: Both | F70: Starfish: $["type"] -> #/components/schemas/operatingMode.v1/properties/type Starfish: $["accesses"][*]["config"]["wordCount"] -> #/components/schemas/access_cmd_read.v1/properties/config/properties/wordCount Starfish: $["accesses"][*][*]["config"]["wordCount"] -> #/components/schemas/access_cmd_read.v1/properties/config/properties/wordCount Starfish: $["beams"] -> #/components/schemas/operatingMode.v1/properties/beams Vulcan: $["type"] -> #/components/schemas/operatingMode.v1/properties/type Vulcan: $["inventoryProtocol"] -> #/components/schemas/inventoryProtocol.v1 Vulcan: $["inventoryProtocol"]["mode"] -> #/components/schemas/inventoryProtocol.v1/properties/mode Vulcan: $["accesses"][*]["config"]["wordCount"] -> #/components/schemas/access_cmd_read.v1/properties/config/properties/wordCount Vulcan: $["accesses"][*][*]["config"]["wordCount"] -> #/components/schemas/access_cmd_read.v1/properties/config/properties/wordCount | G70: Schema: $.type: type="string"; enum=["SIMPLE","INVENTORY","PORTAL","CONVEYOR","CUSTOM","DIRECTIONALITY"]; default="SIMPLE"; $.accesses/oneOf[0][]/anyOf[0].config.wordCount: type="integer"; $.accesses/oneOf[1][][]/anyOf[0].config.wordCount: type="integer"; $.beams: type="array" | H70: Schema: $/allOf[0].type: type="string"; enum=["SIMPLE","INVENTORY","PORTAL","CONVEYOR","CUSTOM"]; default="SIMPLE"; $/allOf[0].inventoryProtocol: type="object"; required=["mode"]; $/allOf[0].inventoryProtocol.mode: type="string"; enum=["GEN2X","GEN2","HYBRID"]; $/allOf[0].accesses/oneOf[0][]/anyOf[0].config.wordCount: type="integer"; $/allOf[0].accesses/oneOf[1][][]/anyOf[0].config.wordCount: type="integer" | I70: Starfish’s multi-model schema includes DIRECTIONALITY and beams; its beams description restricts them to ATR7000. Vulcan omits those but defines inventoryProtocol.mode GEN2X/GEN2/HYBRID. Both current READ branches use wordCount, not wordCounter. | J70: Document ATR7000-only fields separately; establish FX9600 versus FXR inventoryProtocol support. Do not rename already-matching wordCount. | K70: Developer Clarification | L70: Obtain missing Kamali review and method-specific samples. For PUT, the Starfish comment discusses responses and is not a request-support confirmation. | M70: For PUT requests, does FX9600 support inventoryProtocol, and is DIRECTIONALITY/beams excluded from FX9600 as the ATR7000 note implies? Is wordCount the wire name on both target releases? | N70: Not yet recorded | O70: Open | P70: Field review, source 18, Excel row 24 | Q70: =HYPERLINK("Firmware_Change_Review.md#f-018","Open F-018") -> Open F-018 | R70: Mode model applicability and inventory protocol | S70: Repository schema and original reviewer statements; no live reader test supplied. Source limitation: The Starfish comment says response although the row concerns a request.
A71: F-018A | B71: Starfish: Why: response of FX9600 is same as FX90 but ATR7000 has Directionality mode to support portal directionality Needed: yes Fix: No changes required Kamali: Not provided in the pasted Kamali review. | C71: /cloud/mode | D71: PUT | E71: Both | F71: Starfish: $["tagMetaData"] -> #/components/schemas/tagMetaData.v1 Starfish: $["tagMetaData"][*] -> #/components/schemas/tagMetaData.v1/items Starfish: $["tagMetaData"][*]["userDefined"] -> #/components/schemas/tagMetaData.v1/items/properties/userDefined Starfish: $["tagMetaData"][*]["antennaPortNames"] -> #/components/schemas/tagMetaData.v1/items/properties/antennaPortNames Vulcan: $["tagMetaData"] -> #/components/schemas/tagMetaData.v1 Vulcan: $["tagMetaData"][*] -> #/components/schemas/tagMetaData.v1/items Vulcan: $["tagMetaData"][*] -> #/components/schemas/tagMetaData.v1/items/oneOf/0 Vulcan: $["tagMetaData"][*] -> #/components/schemas/tagMetaData.v1/items/oneOf/1 Vulcan: $["tagMetaData"][*]["userDefined"] -> #/components/schemas/tagMetaData.v1/items/oneOf/1/properties/userDefined Vulcan: $["tagMetaData"][*]["antennaNames"] -> #/components/schemas/tagMetaData.v1/items/oneOf/1/properties/antennaNames Vulcan: $["tagMetaData"][*]["gpsCoordinates"] -> #/components/schemas/tagMetaData.v1/items/oneOf/1/properties/gpsCoordinates | G71: Schema: $.tagMetaData: type="array"; $.tagMetaData[]: type=["string","object"]; enum=["RSSI","PHASE","SEEN_COUNT","ANTENNA","CHANNEL","PC","XPC","CRC","EPC","TID","USER","RESERVED","MAC","HOSTNAME"]; $.tagMetaData[].userDefined: type="string"; $.tagMetaData[].antennaPortNames: type="array" | H71: Schema: $/allOf[0].tagMetaData: type="array"; $/allOf[0].tagMetaData[]: type/constraints not specified here; $/allOf[0].tagMetaData[]/oneOf[0]: type="string"; enum=["RSSI","PHASE","SEEN_COUNT","ANTENNA","CHANNEL","PC","XPC","CRC","EPC","TID","USER","MAC","HOSTNAME","READERLOCATION"]; $/allOf[0].tagMetaData[]/oneOf[1]: type="object"; $/allOf[0].tagMetaData[]/oneOf[1].userDefined: type="string"; $/allOf[0].tagMetaData[]/oneOf[1].antennaNames: type="array"; $/allOf[0].tagMetaData[]/oneOf[1].gpsCoordinates: type="object" | I71: Starfish tagMetaData items combine type [string,object] with an enum of strings, including RESERVED, and object antennaPortNames. Vulcan uses oneOf string/object, omits RESERVED, adds READERLOCATION and antennaNames/gpsCoordinates. The Starfish enum may exclude its documented object form. | J71: Use the exact accepted values and object keys for each platform, with a schema that permits the implemented object form. | K71: Developer Clarification | L71: Verify metadata tokens and object inputs/outputs. Correct schema modeling if already supported; request firmware parity only for an approved missing capability. | M71: Which tokens and object keys are accepted/returned on each model: RESERVED, READERLOCATION, antennaPortNames, antennaNames and gpsCoordinates? Does Starfish accept metadata objects despite its string enum? Supply a method-specific example. | N71: Not yet recorded | O71: Open | P71: Field review, source 18, Excel row 24 | Q71: =HYPERLINK("Firmware_Change_Review.md#f-018a","Open F-018A") -> Open F-018A | R71: Mode tag metadata names and representation | S71: Repository schema and original reviewer statements; no live reader test supplied. Source limitation: The Starfish comment says response although the row concerns a request.
A72: F-019 | B72: Starfish: Why: FX9600 matches the FX90 Needed: yes Fix: No changes required Kamali: Not provided in the pasted Kamali review. | C72: /cloud/network | D72: GET | E72: Both | F72: Starfish: $ -> #/paths/~1cloud~1network/get/requestBody/content/application~1json/schema Starfish: $["interface"] -> #/paths/~1cloud~1network/get/requestBody/content/application~1json/schema/properties/interface Vulcan: $ -> #/components/schemas/GetNetworkRequest Vulcan: $["interface"] -> #/components/schemas/GetNetworkRequest/properties/interface | G72: Schema: $: type="object"; $.interface: type="string"; enum=["all","eth0","mlan0"] | H72: Schema: $: type="object"; $.interface: type="string"; enum=["eth0","mlan0","bnep0","wan0","uap0","all"] | I72: The old comment says Vulcan has no body, but both current schemas have optional JSON interface. Starfish enum is all/eth0/mlan0; Vulcan also lists bnep0/wan0/uap0. No query parameter is declared in either. | J72: Document a GET body only where implemented, with model-specific selector values and no invented query alternative. | K72: Developer Clarification | L72: Correct the stale comparison statement. Obtain captures for omitted body and each supported selector, including transport/client compatibility. | M72: Do both readers accept {"interface":"eth0"} in a GET body? What does an omitted body return? Are extra Vulcan selectors limited by model, and is any query alternative supported? | N72: Not yet recorded | O72: Open | P72: Field review, source 19, Excel row 25 | Q72: =HYPERLINK("Firmware_Change_Review.md#f-019","Open F-019") -> Open F-019 | R72: Network GET body exists on both | S72: Repository schema and original reviewer statements; no live reader test supplied. Source limitation: Do not assume a GET parameter is query-only or body-only without confirmation.
A73: F-020 | B73: Starfish: Why: FX9600 does not support ble Needed: yes Fix: No changes required Kamali: Not provided in the pasted Kamali review. | C73: /cloud/network | D73: PUT | E73: Both | F73: Starfish: $ -> #/paths/~1cloud~1network/put/responses/200/content/text~1html/schema Vulcan: $ -> #/components/schemas/UpdateNetworkResponse | G73: Schema: $: type="string"; default="Command Successful" | H73: Schema: $: type="string" | I73: Original row says PUT RESPONSE, but cited detail filenames and interface variants describe GET. Current PUT success schemas are strings on both; the GET schemas contain network interfaces. | J73: Assign the response-shape question to the correct operation without silently rewriting the original comment. | K73: Developer Clarification | L73: Retain the source method in the tracker and request correction to GET if intended. Review GET variants separately in F-020A. | M73: Should field row 20 be GET /cloud/network RESPONSE? Current PUT schemas are string acknowledgements; are there undocumented PUT response objects to review? | N73: Not yet recorded | O73: Open | P73: Field review, source 20, Excel row 26 | Q73: =HYPERLINK("Firmware_Change_Review.md#f-020","Open F-020") -> Open F-020 | R73: Network response comment has the wrong method | S73: Repository schema and original reviewer statements; no live reader test supplied. Source limitation: Original method PUT retained. BLE absence alone does not resolve WAN, hotspot or wrapper differences.
A74: F-020A | B74: Starfish: Why: FX9600 does not support ble Needed: yes Fix: No changes required Kamali: Not provided in the pasted Kamali review. | C74: /cloud/network | D74: PUT | E74: Both | F74: Starfish: $ -> #/paths/~1cloud~1network/get/responses/200/content/application~1json/schema Starfish: $ -> #/components/schemas/readernetwork.default.v1 Starfish: $["hostName"] -> #/components/schemas/readernetwork.default.v1/properties/hostName Starfish: $ -> #/components/schemas/readerNetworkDetailsALL Starfish: $["hostName"] -> #/components/schemas/readerNetworkDetailsALL/properties/hostName Starfish: $["networkInterface"] -> #/components/schemas/readerNetworkDetailsALL/properties/networkInterface Starfish: $["networkInterface"]["eth0"] -> #/components/schemas/readerNetworkDetailsALL/properties/networkInterface/properties/eth0 Starfish: $["networkInterface"]["mlan0"] -> #/components/schemas/readerNetworkDetailsALL/properties/networkInterface/properties/mlan0 Starfish: $ -> #/components/schemas/readernetwork.eth0.v1 Starfish: $["hostName"] -> #/components/schemas/readernetwork.eth0.v1/properties/hostName Starfish: $["networkInterface"] -> #/components/schemas/readernetwork.eth0.v1/properties/networkInterface Starfish: $["networkInterface"]["eth0"] -> #/components/schemas/readernetwork.eth0.v1/properties/networkInterface/properties/eth0 Starfish: $ -> #/components/schemas/readernetwork.mlan0.v1 Starfish: $["hostName"] -> #/components/schemas/readernetwork.mlan0.v1/properties/hostName Starfish: $["networkInterface"] -> #/components/schemas/readernetwork.mlan0.v1/properties/networkInterface Starfish: $["networkInterface"]["mlan0"] -> #/components/schemas/readernetwork.mlan0.v1/properties/networkInterface/properties/mlan0 Vulcan: $ -> #/components/schemas/GetNetworkResponse Vulcan: $["hostName"] -> #/components/schemas/GetNetworkResponse/properties/hostName Vulcan: $["networkInterface"] -> #/components/schemas/GetNetworkResponse/properties/networkInterface Vulcan: $["networkInterface"]["eth0"] -> #/components/schemas/GetNetworkResponse/properties/networkInterface/properties/eth0 Vulcan: $["networkInterface"]["mlan0"] -> #/components/schemas/GetNetworkResponse/properties/networkInterface/properties/mlan0 Vulcan: $["networkInterface"]["bnep0"] -> #/components/schemas/GetNetworkResponse/properties/networkInterface/properties/bnep0 Vulcan: $["networkInterface"]["wan0"] -> #/components/schemas/GetNetworkResponse/properties/networkInterface/properties/wan0 Vulcan: $["networkInterface"]["uap0"] -> #/components/schemas/GetNetworkResponse/properties/networkInterface/properties/uap0 | G74: Schema: $: type/constraints not specified here; $/oneOf[0]: type="object"; required=["hostName","ipAddress","gatewayAddress","subnetMask","dnsAddress","dhcp","macAddress"]; $/oneOf[0].hostName: type="string"; $/oneOf[1]: type="object"; required=["hostName","networkInterface"]; $/oneOf[1].hostName: type="string"; $/oneOf[1].networkInterface: type="object"; required=["eth0","mlan0"]; $/oneOf[1].networkInterface.eth0: type="object"; required=["IPV4","IPV6","Status","isEnabled","macAddress","security"]; $/oneOf[1].networkInterface.mlan0: type="object"; required=["IPV4","IPV6","Status","isEnabled","macAddress","accesspoint"]; full field types and constraints in the linked walkthrough. | H74: Schema: $: type="object"; $.hostName: type="string"; $.networkInterface: type="object"; $.networkInterface.eth0: type="object"; $.networkInterface.mlan0: type="object"; $.networkInterface.bnep0: type="object"; $.networkInterface.wan0: type="object"; $.networkInterface.uap0: type="object" | I74: Starfish GET has oneOf flat legacy, all interfaces, eth0-only and mlan0-only forms. Vulcan has a single object with eth0/mlan0/bnep0/wan0/uap0. The source only explains BLE absence, leaving wrapper and other interfaces unresolved. | J74: Document actual selector-dependent response shapes and supported interfaces per model. Do not claim all branches apply to FX9600. | K74: Developer Clarification | L74: Capture omitted/all/eth0/mlan0 responses and confirm WAN/hotspot scope. Keep interface capability differences separate from schema-wrapper corrections. | M74: On FX9600, which selector/release produces the flat versus nested response? On FXR, which interfaces are returned for each selector and model? Are uap0 and wan0 intentionally unavailable on FX9600? | N74: Not yet recorded | O74: Open | P74: Field review, source 20, Excel row 26 | Q74: =HYPERLINK("Firmware_Change_Review.md#f-020a","Open F-020A") -> Open F-020A | R74: Network GET response variants and model scope | S74: Repository schema and original reviewer statements; no live reader test supplied. Source limitation: Original method PUT retained. BLE absence alone does not resolve WAN, hotspot or wrapper differences.
A75: F-021 | B75: Starfish: Why: FX9600 has only one field server Needed: yes Fix: No changes required Kamali: Not provided in the pasted Kamali review. | C75: /cloud/ntpServer | D75: PUT | E75: Both | F75: Starfish: $ -> #/components/schemas/setNTPServer Starfish: $["server"] -> #/components/schemas/setNTPServer/properties/server Vulcan: $ -> #/components/schemas/UpdateNtpServerRequest Vulcan: $ -> #/components/schemas/UpdateNtpServerRequest/oneOf/0 Vulcan: $["server"] -> #/components/schemas/UpdateNtpServerRequest/oneOf/0/properties/server Vulcan: $["server2"] -> #/components/schemas/UpdateNtpServerRequest/oneOf/0/properties/server2 Vulcan: $ -> #/components/schemas/UpdateNtpServerRequest/oneOf/1 Vulcan: $["server1"] -> #/components/schemas/UpdateNtpServerRequest/oneOf/1/properties/server1 Vulcan: $["server2"] -> #/components/schemas/UpdateNtpServerRequest/oneOf/1/properties/server2 | G75: Schema: $: type="object"; required=["server"]; $.server: type="string" | H75: Schema: $: type/constraints not specified here; $/oneOf[0]: type="object"; required=["server"]; $/oneOf[0].server: type="string"; $/oneOf[0].server2: type="string"; $/oneOf[1]: type="object"; required=["server1"]; $/oneOf[1].server1: type="string"; $/oneOf[1].server2: type="string" | I75: Starfish requires server:string. Vulcan oneOf accepts required server or required server1, each with optional server2. Starfish reviewer confirms its single field; Kamali’s row is missing. | J75: Keep the reported Starfish single-server contract; establish FXR aliases and fallback semantics. | K75: Developer Clarification | L75: Confirm server/server1 precedence, server2 behavior and whether both aliases can coexist. Correct oneOf if its exclusivity does not match runtime. | M75: Does FXR accept server, server1 and server2 as documented? What happens when server and server1 are both sent, or server2 is sent alone? Is FX9600 single-server behavior intentional? | N75: Not yet recorded | O75: Open | P75: Field review, source 21, Excel row 27 | Q75: =HYPERLINK("Firmware_Change_Review.md#f-021","Open F-021") -> Open F-021 | R75: NTP server aliases and second server | S75: Repository schema and original reviewer statements; no live reader test supplied.
A76: F-022 | B76: Starfish: Why: FX9600 has backoff policy to support resonate Needed: yes Fix: No changes required Kamali: Not provided in the pasted Kamali review. | C76: /cloud/os | D76: PUT | E76: Both | F76: Starfish: $["retry"] -> #/components/schemas/os_update.v1/properties/retry Starfish: $["retry"]["type"] -> #/components/schemas/os_update.v1/properties/retry/properties/type Starfish: $["retry"]["policy"] -> #/components/schemas/os_update.v1/properties/retry/properties/policy Starfish: $["retry"]["policy"]["retries"] -> #/components/schemas/os_update.v1/properties/retry/properties/policy/properties/retries Starfish: $["retry"]["policy"]["wait"] -> #/components/schemas/os_update.v1/properties/retry/properties/policy/properties/wait Starfish: $["retry"]["policy"]["wait"]["min"] -> #/components/schemas/os_update.v1/properties/retry/properties/policy/properties/wait/properties/min Starfish: $["retry"]["policy"]["wait"]["max"] -> #/components/schemas/os_update.v1/properties/retry/properties/policy/properties/wait/properties/max Starfish: $["timeouts"] -> #/components/schemas/os_update.v1/properties/timeouts Starfish: $["timeouts"]["connection"] -> #/components/schemas/os_update.v1/properties/timeouts/properties/connection Starfish: $["timeouts"]["read"] -> #/components/schemas/os_update.v1/properties/timeouts/properties/read Vulcan: No target field declared -> #/paths/~1cloud~1os/put | G76: Schema: $.retry: type="object"; $.retry.type: type="string"; enum=["randomWait"]; $.retry.policy: type="object"; $.retry.policy.retries: type="integer"; minimum=1; maximum=50; default=1; $.retry.policy.wait: type="object"; $.retry.policy.wait.min: type="integer"; minimum=0; maximum=3600; default=30; $.retry.policy.wait.max: type="integer"; minimum=1; maximum=3600; default=300; $.timeouts: type="object"; $.timeouts.connection: type="integer"; minimum=1; maximum=3600; default=60; $.timeouts.read: type="integer"; minimum=1; maximum=3600; default=600 | H76: Schema: target field not declared | I76: Starfish OS upgrade defines retry/timeouts with backoff bounds; Vulcan omits them. App-install timing from F-011 is not evidence for this endpoint. The Vulcan operation description also explicitly says HTTPS retry and timeout options are not supported. | J76: Determine OS-specific support and target firmware before documenting parity. | K76: Developer Clarification | L76: Obtain the missing Kamali OS review and test contract. Update schema if implemented; record firmware work only if an approved missing capability is confirmed. | M76: Which FXR OS-upgrade firmware accepts retry.type=randomWait, policy.retries/wait and timeouts.connection/read? Are the Starfish bounds/defaults identical, and what release introduced them? | N76: Not yet recorded | O76: Open | P76: Field review, source 22, Excel row 28 | Q76: =HYPERLINK("Firmware_Change_Review.md#f-022","Open F-022") -> Open F-022 | R76: OS download retry and timeout support | S76: Repository schema and original reviewer statements; no live reader test supplied.
A77: F-022A | B77: Starfish: Why: FX9600 has backoff policy to support resonate Needed: yes Fix: No changes required Kamali: Not provided in the pasted Kamali review. | C77: /cloud/os | D77: PUT | E77: Both | F77: Starfish: $["url"] -> #/components/schemas/os_update.v1/properties/url Starfish: $["options"] -> #/components/schemas/os_update.v1/properties/options Starfish: $["options"]["username"] -> #/components/schemas/os_update.v1/properties/options/properties/username Starfish: $["options"]["password"] -> #/components/schemas/os_update.v1/properties/options/properties/password Starfish: $["headers"] -> #/components/schemas/os_update.v1/properties/headers Vulcan: $["authenticationOptions"] -> #/components/schemas/SetOsRequest/properties/authenticationOptions Vulcan: $["authenticationOptions"]["username"] -> #/components/schemas/SetOsRequest/properties/authenticationOptions/properties/username Vulcan: $["authenticationOptions"]["password"] -> #/components/schemas/SetOsRequest/properties/authenticationOptions/properties/password Vulcan: $["url"] -> #/components/schemas/SetOsRequest/properties/url Vulcan: $["url"] -> #/components/schemas/SetOsRequest/properties/url/oneOf/0 Vulcan: $["url"] -> #/components/schemas/SetOsRequest/properties/url/oneOf/1 Vulcan: $["url"] -> #/components/schemas/SetOsRequest/properties/url/oneOf/2 Vulcan: $["url"] -> #/components/schemas/SetOsRequest/properties/url/oneOf/3 Vulcan: $["publicKeyFileLocation"] -> #/components/schemas/SetOsRequest/properties/publicKeyFileLocation Vulcan: $["privateKeyFileLocation"] -> #/components/schemas/SetOsRequest/properties/privateKeyFileLocation Vulcan: $["installedCertificateType"] -> #/components/schemas/SetOsRequest/properties/installedCertificateType Vulcan: $["installedCertificateName"] -> #/components/schemas/SetOsRequest/properties/installedCertificateName Vulcan: $["headers"] -> #/components/schemas/SetOsRequest/properties/headers | G77: Schema: $.url: type="string"; $.options: type="object"; $.options.username: type="string"; $.options.password: type="string"; $.headers: type="object" | H77: Schema: $.authenticationOptions: type="object"; required=["username","password"]; $.authenticationOptions.username: type="string"; $.authenticationOptions.password: type="string"; $.url: type="string"; format="uri"; $.url/oneOf[0]: pattern="^scp://.+"; $.url/oneOf[1]: pattern="^https://.+"; $.url/oneOf[2]: pattern="^sftp://.+"; $.url/oneOf[3]: pattern="^ftps://.+"; $.publicKeyFileLocation: type="string"; $.privateKeyFileLocation: type="string"; $.installedCertificateType: type="string"; $.installedCertificateName: type="string"; $.headers: type="object"; additionalProperties={"type":"string"} | I77: Starfish schema uses options for credentials; Vulcan schema still uses authenticationOptions. Vulcan constrains URL schemes to scp/https/sftp/ftps and adds key/certificate fields. The original transfer_protocol claim is not a field in either current request schema. Vulcan narrative recommends authenticationOptions with options as a fallback, but only authenticationOptions is modeled. | J77: Use the accepted credential key and transport-specific options for the target release. | K77: Developer Clarification | L77: Reconcile Vulcan narrative/examples with its schema and capture accepted options versus authenticationOptions. Verify certificate and header fields independently. | M77: For FXR PUT /cloud/os, is options or authenticationOptions accepted today? Are the listed URL schemes and installed/public/private certificate fields valid for each transport? Is transfer_protocol obsolete or an actual missing field? | N77: Not yet recorded | O77: Open | P77: Field review, source 22, Excel row 28 | Q77: =HYPERLINK("Firmware_Change_Review.md#f-022a","Open F-022A") -> Open F-022A | R77: OS authentication keys and transport differences | S77: Repository schema and original reviewer statements; no live reader test supplied.
A78: F-023 | B78: Starfish: Why: FX9600 document matches the firmware Needed: yes Fix: No changes required Kamali: Not provided in the pasted Kamali review. | C78: /cloud/readerCapabilities | D78: GET | E78: Both | F78: Starfish: $["capabilities"]["antennas"][*]["type"] -> #/components/schemas/getReaderCapabilites/properties/capabilities/properties/antennas/items/properties/type Starfish: $["capabilities"]["apiSupported"]["versions"] -> #/components/schemas/getReaderCapabilites/properties/capabilities/properties/apiSupported/properties/versions Starfish: $["capabilities"]["apiSupported"]["versions"]["documentation"] -> #/components/schemas/getReaderCapabilites/properties/capabilities/properties/apiSupported/properties/versions/properties/documentation Starfish: $["capabilities"]["apiSupported"]["versions"]["version"] -> #/components/schemas/getReaderCapabilites/properties/capabilities/properties/apiSupported/properties/versions/properties/version Starfish: $["capabilities"]["appLedColors"] -> #/components/schemas/getReaderCapabilites/properties/capabilities/properties/appLedColors Starfish: $["capabilities"]["appLedColors"][*] -> #/components/schemas/getReaderCapabilites/properties/capabilities/properties/appLedColors/items Vulcan: $["capabilities"]["antennas"][*]["type"] -> #/components/schemas/GetReadercapabilitiesResponse/properties/capabilities/properties/antennas/items/properties/type Vulcan: $["capabilities"]["apiSupported"]["versions"] -> #/components/schemas/GetReadercapabilitiesResponse/properties/capabilities/properties/apiSupported/properties/versions Vulcan: $["capabilities"]["apiSupported"]["versions"][*] -> #/components/schemas/GetReadercapabilitiesResponse/properties/capabilities/properties/apiSupported/properties/versions/items Vulcan: $["capabilities"]["apiSupported"]["versions"][*]["documentation"] -> #/components/schemas/GetReadercapabilitiesResponse/properties/capabilities/properties/apiSupported/properties/versions/items/properties/documentation Vulcan: $["capabilities"]["apiSupported"]["versions"][*]["version"] -> #/components/schemas/GetReadercapabilitiesResponse/properties/capabilities/properties/apiSupported/properties/versions/items/properties/version Vulcan: $["capabilities"]["appLEDColors"] -> #/components/schemas/GetReadercapabilitiesResponse/properties/capabilities/properties/appLEDColors Vulcan: $["capabilities"]["appLEDColors"][*] -> #/components/schemas/GetReadercapabilitiesResponse/properties/capabilities/properties/appLEDColors/items | G78: Schema: $.capabilities.antennas[].type: type="string"; enum=["INTERNAL","EXTERNAL"]; $.capabilities.apiSupported.versions: type="object"; required=["documentation","version"]; $.capabilities.apiSupported.versions.documentation: type="string"; $.capabilities.apiSupported.versions.version: type="string"; enum=["v1"]; $.capabilities.appLedColors: type="array"; minItems=1; $.capabilities.appLedColors[]: type="string"; enum=["RED","GREEN","AMBER"] | H78: Schema: $.capabilities.antennas[].type: type="string"; enum=["external","internal"]; $.capabilities.apiSupported.versions: type="array"; $.capabilities.apiSupported.versions[]: type="object"; $.capabilities.apiSupported.versions[].documentation: type="string"; $.capabilities.apiSupported.versions[].version: type="string"; $.capabilities.appLEDColors: type="array"; $.capabilities.appLEDColors[]: type="string" | I78: Starfish apiSupported.versions is an object, appLedColors has mixed case and antenna types are uppercase. Vulcan versions is an array, appLEDColors differs in case and antenna types are lowercase. Starfish says its document matches firmware; no Kamali response is supplied. | J78: Preserve real wire differences unless a compatibility change is explicitly approved. | K78: Developer Clarification | L78: Capture both capability responses; classify each difference as an intentional contract or schema error before standardizing names. | M78: Does FXR actually return versions as an array, appLEDColors and lowercase antenna types, while FX9600 returns object/appLedColors/uppercase? If so, should documentation retain these platform variants? | N78: Not yet recorded | O78: Open | P78: Field review, source 23, Excel row 29 | Q78: =HYPERLINK("Firmware_Change_Review.md#f-023","Open F-023") -> Open F-023 | R78: Capabilities response wire shapes and case | S78: Repository schema and original reviewer statements; no live reader test supplied. Source limitation: Real array/object and case differences must not be dismissed as schema noise.
